gender,age,ethnicity,pregnant
0.48,60,0.77,1
0.48,43,0.55,1
0.22,67,0.32,0
0.48,31,0.53,1
0.3,53,0.58,1
0.48,40,0.48,1
0.78,44,0.52,0
0.4,50,0.42,1
0.63,74,0.39,0
0.39,51,0.43,1
0.32,69,0.41,1
0.26,50,0.42,0
0.53,51,0.52,1
0.45,33,0.56,1
0.43,55,0.61,1
0.57,55,0.62,1
0.33,43,0.58,0
0.48,35,0.51,0
0.58,53,0.73,0
0.32,46,0.78,1
0.66,41,0.45,1
0.32,55,0.26,1
0.33,60,0.5,1
0.7,70,0.41,0
0.5,37,0.53,1
0.43,48,0.62,1
0.46,63,0.55,0
0.24,44,0.51,0
0.62,68,0.59,1
0.28,60,0.6,1
0.26,46,0.51,1
0.31,53,0.62,1
0.48,53,0.41,1
0.53,29,0.42,0
0.58,56,0.57,1
0.6,50,0.72,1
0.37,39,0.41,0
0.24,44,0.62,1
0.3,40,0.55,0
0.44,34,0.4,1
0.62,56,0.51,1
0.5,61,0.57,0
0.69,56,0.6,1
0.29,56,0.4,0
0.2,36,0.43,1
0.24,46,0.55,1
0.48,76,0.55,1
0.45,57,0.68,0
0.36,38,0.25,1
0.64,45,0.69,1
0.46,67,0.53,1
0.48,32,0.53,1
0.2,60,0.18,1
0.32,58,0.32,0
0.46,43,0.68,0
0.35,58,0.78,1
0.7,53,0.62,1
0.44,78,0.57,0
0.29,52,0.57,1
0.44,28,0.37,1
0.24,68,0.31,1
0.51,38,0.59,1
0.46,44,0.47,1
0.59,46,0.38,1
0.46,58,0.53,1
0.4,58,0.51,0
0.52,65,0.52,1
0.42,62,0.45,0
0.35,36,0.5,1
0.4,43,0.49,1
0.58,62,0.49,1
0.38,62,0.52,1
0.26,47,0.34,1
0.42,67,0.37,1
0.34,54,0.44,1
0.46,57,0.56,1
0.47,41,0.63,1
0.45,45,0.59,0
0.17,46,0.24,0
0.58,37,0.55,0
0.36,53,0.74,1
0.25,36,0.36,1
0.38,42,0.46,1
0.39,34,0.57,1
0.24,19,0.51,1
0.52,49,0.46,0
0.22,50,0.52,1
0.35,48,0.57,1
0.67,51,0.55,0
0.51,47,0.39,0
0.41,46,0.34,1
0.53,60,0.5,0
0.3,40,0.44,1
0.39,66,0.36,0
0.39,37,0.46,1
0.51,49,0.81,1
0.51,59,0.33,1
0.56,45,0.53,1
0.38,34,0.47,1
0.49,56,0.61,1
0.36,29,0.37,1
0.37,48,0.42,1
0.38,32,0.65,1
0.37,53,0.63,1
0.34,43,0.35,1
0.42,62,0.54,0
0.61,61,0.54,0
0.49,77,0.41,0
0.52,32,0.86,1
0.33,39,0.29,1
0.52,61,0.52,1
0.37,46,0.67,0
0.41,36,0.32,1
0.7,23,0.47,1
0.69,55,0.63,0
0.49,67,0.57,1
0.66,46,0.47,0
0.6,60,0.57,1
0.56,61,0.43,0
0.56,48,0.51,1
0.52,66,0.42,1
0.3,49,0.43,1
0.54,29,0.65,1
0.7,58,0.39,0
0.47,66,0.42,1
0.41,36,0.58,1
0.49,28,0.55,0
0.35,54,0.61,1
0.6,54,0.56,0
0.44,42,0.6,1
0.32,31,0.24,0
0.15,72,0.3,1
0.49,39,0.67,1
0.59,59,0.42,1
0.32,68,0.83,0
0.44,56,0.28,0
0.34,46,0.45,1
0.18,46,0.53,1
0.49,47,0.58,1
0.37,31,0.44,1
0.4,19,0.45,1
0.5,58,0.37,1
0.51,48,0.65,1
0.34,55,0.56,1
0.59,45,0.63,1
0.52,38,0.57,1
0.45,61,0.33,1
0.44,54,0.58,1
0.49,60,0.57,1
0.31,47,0.35,0
0.35,46,0.53,1
0.6,52,0.47,1
0.46,73,0.47,1
0.4,80,0.48,0
0.34,28,0.42,1
0.58,65,0.6,1
0.63,72,0.48,0
0.49,35,0.57,0
0.49,45,0.61,1
0.5,40,0.71,1
0.37,59,0.3,1
0.26,47,0.5,1
0.53,81,0.45,0
0.52,71,0.56,1
0.29,49,0.42,0
0.4,43,0.45,1
0.32,43,0.7,0
0.33,37,0.49,1
0.65,32,0.45,1
0.73,21,0.53,1
0.34,56,0.44,1
0.48,36,0.61,1
0.59,68,0.7,1
0.51,40,0.26,1
0.1,34,0.34,1
0.68,80,0.54,0
0.42,47,0.39,1
0.54,33,0.59,0
0.65,61,0.74,1
0.5,43,0.42,0
0.7,70,0.51,0
0.48,62,0.18,1
0.59,56,0.34,0
0.39,48,0.41,1
0.43,60,0.42,0
0.35,60,0.48,0
0.41,48,0.51,1
0.57,55,0.41,0
0.34,45,0.35,1
0.36,19,0.6,1
0.6,71,0.37,1
0.56,55,0.41,1
0.28,49,0.43,0
0.38,68,0.39,1
0.52,83,0.51,0
0.27,50,0.22,1
0.51,41,0.16,1
0.59,54,0.56,0
0.39,47,0.54,0
0.6,55,0.48,0
0.48,51,0.51,1
0.41,48,0.44,1
0.3,43,0.49,1
0.4,48,0.48,1
0.59,41,0.41,1
0.29,41,0.43,1
0.46,56,0.35,0
0.52,56,0.65,0
0.33,34,0.53,1
0.55,65,0.46,1
0.51,62,0.52,1
0.45,55,0.56,1
0.45,49,0.66,0
0.79,89,0.51,0
0.33,63,0.24,1
0.55,42,0.27,1
0.46,72,0.28,1
0.28,63,0.45,1
0.49,30,0.73,0
0.59,55,0.47,1
0.59,82,0.37,1
0.52,26,0.51,1
0.42,41,0.6,1
0.32,53,0.69,0
0.43,63,0.58,1
0.49,55,0.6,0
0.59,45,0.57,1
0.33,39,0.2,1
0.61,66,0.49,1
0.27,50,0.5,1
0.52,65,0.44,0
0.8,41,0.5,1
0.48,88,0.43,0
0.41,50,0.36,0
0.45,57,0.48,0
0.56,47,0.42,0
0.39,45,0.52,1
0.33,96,0.24,0
0.54,27,0.42,1
0.36,54,0.49,1
0.61,64,0.59,1
0.25,36,0.42,1
0.53,65,0.6,0
0.49,38,0.61,0
0.67,60,0.56,0
0.35,52,0.43,0
0.42,36,0.37,1
0.55,51,0.71,0
0.44,45,0.56,0
0.8,63,0.35,0
0.43,73,0.49,1
0.35,48,0.32,1
0.4,56,0.55,1
0.54,59,0.49,0
0.49,65,0.49,0
0.54,75,0.63,0
0.57,35,0.42,1
0.49,37,0.46,1
0.76,29,0.51,0
0.32,55,0.48,1
0.18,67,0.27,1
0.57,62,0.61,0
0.75,75,0.61,0
0.42,55,0.53,1
0.52,59,0.45,0
0.4,49,0.61,1
0.2,35,0.41,1
0.25,65,0.43,1
0.39,47,0.76,0
0.45,44,0.56,1
0.45,57,0.72,0
0.41,54,0.51,1
0.6,65,0.48,0
0.5,31,0.52,1
0.77,69,0.39,0
0.55,51,0.47,1
0.6,54,0.49,0
0.3,52,0.59,1
0.5,41,0.68,1
0.49,49,0.44,1
0.5,43,0.28,0
0.41,55,0.46,1
0.65,53,0.44,0
0.6,51,0.39,1
0.61,36,0.67,1
0.76,54,0.45,0
0.52,52,0.45,0
0.59,51,0.53,0
0.26,48,0.41,0
0.38,61,0.5,1
0.52,28,0.57,1
0.47,67,0.49,1
0.49,35,0.74,1
0.3,55,0.47,1
0.5,39,0.45,0
0.48,61,0.5,1
0.68,82,0.68,1
0.74,49,0.57,0
0.34,57,0.48,1
0.46,63,0.5,1
0.56,51,0.52,0
0.25,41,0.41,1
0.66,71,0.52,0
0.26,59,0.32,1
0.24,38,0.44,0
0.46,42,0.55,0
0.6,46,0.6,0
0.61,37,0.5,0
0.55,63,0.79,0
0.4,64,0.13,1
0.44,46,0.54,0
0.66,45,0.53,0
0.39,36,0.42,0
0.69,53,0.71,1
0.38,50,0.38,1
0.42,60,0.69,0
0.44,75,0.44,0
0.54,49,0.46,0
0.49,68,0.4,1
0.66,80,0.54,0
0.33,72,0.28,1
0.49,55,0.43,1
0.79,53,0.52,1
0.62,53,0.64,1
0.47,70,0.72,0
0.36,38,0.48,1
0.35,78,0.48,1
0.4,85,0.56,1
0.5,63,0.43,0
0.65,72,0.51,0
0.38,61,0.5,1
0.48,57,0.58,1
0.52,89,0.66,0
0.55,55,0.47,0
0.34,64,0.58,1
0.68,63,0.54,1
0.54,58,0.6,1
0.71,67,0.38,1
0.39,58,0.58,1
0.49,24,0.16,1
0.47,66,0.54,1
0.39,46,0.62,1
0.49,42,0.45,0
0.39,51,0.57,1
0.55,47,0.37,0
0.59,34,0.57,0
0.39,35,0.48,1
0.34,68,0.55,1
0.51,51,0.55,0
0.56,50,0.69,1
0.73,72,0.61,0
0.34,50,0.44,1
0.36,49,0.61,1
0.63,63,0.72,1
0.35,37,0.34,1
0.22,47,0.41,1
0.51,56,0.44,0
0.19,18,0.5,1
0.37,46,0.69,1
0.35,53,0.61,1
0.38,69,0.26,0
0.59,59,0.55,1
0.42,36,0.48,0
0.41,35,0.33,1
0.42,64,0.52,0
0.61,69,0.64,0
0.51,55,0.41,0
0.69,32,0.49,0
0.62,60,0.4,1
0.41,24,0.55,1
0.35,54,0.37,1
0.67,68,0.49,0
0.38,44,0.46,1
0.27,45,0.53,1
0.44,55,0.43,1
0.52,54,0.75,1
0.6,58,0.42,0
0.6,47,0.55,1
0.03,43,0.28,1
0.19,68,0.64,0
0.39,54,0.73,1
0.07,44,0.58,1
0.19,45,0.64,1
0.56,51,0.69,1
0.21,37,0.63,1
0.45,67,0.52,1
0.4,59,0.84,1
0.47,38,0.42,0
0.61,65,0.39,0
0.39,54,0.52,0
0.4,43,0.37,1
0.63,48,0.51,0
0.54,52,0.37,0
0.56,71,0.31,1
0.52,74,0.51,0
0.25,54,0.48,1
0.61,34,0.52,0
0.53,61,0.48,0
0.24,8,0.57,1
0.4,53,0.54,1
0.48,50,0.39,1
0.5,80,0.66,1
0.31,56,0.38,1
0.23,59,0.53,1
0.16,52,0.49,0
0.46,44,0.41,1
0.42,67,0.36,1
0.45,50,0.68,1
0.49,48,0.53,1
0.56,48,0.6,0
0.6,82,0.53,0
0,56,0.61,1
0.2,38,0.7,1
0.5,53,0.35,1
0.29,62,0.42,1
0.31,36,0.38,1
0.49,74,0.5,1
0.37,57,0.55,0
0.33,25,0.56,1
0.32,50,0.57,0
0.61,49,0.56,0
0.46,34,0.73,1
0.49,41,0.55,1
0.46,40,0.52,0
0.17,35,0.65,1
0.32,47,0.47,1
0.57,39,0.76,1
0.51,57,0.5,1
0.4,39,0.41,1
0.52,42,0.34,1
0.43,68,0.51,1
0.2,53,0.57,1
0.59,52,0.56,1
0.3,31,0.45,1
0.41,56,0.64,1
0.55,43,0.66,1
0.33,57,0.8,1
0.31,47,0.6,0
0.2,48,0.35,1
0.36,58,0.64,1
0.54,70,0.59,0
0.71,47,0.47,0
0.16,45,0.52,0
0.24,34,0.44,1
0.45,63,0.42,0
0.33,60,0.66,1
0.5,60,0.43,1
0.59,51,0.36,0
0.31,46,0.35,1
0.44,33,0.59,1
0.44,28,0.59,0
0.47,73,0.51,0
0.75,32,0.42,1
0.44,50,0.41,1
0.22,53,0.38,1
0.32,39,0.61,0
0.42,53,0.26,1
0.64,57,0.58,0
0.2,68,0.53,1
0.23,47,0.4,1
0.43,24,0.48,1
0.41,51,0.64,1
0.16,28,0.23,1
0.66,64,0.74,1
0.57,21,0.45,0
0.72,52,0.61,0
0.4,45,0.6,1
0.65,60,0.38,0
0.47,42,0.62,1
0.47,55,0.62,1
0.58,34,0.66,1
0.83,63,0.44,1
0.47,39,0.45,0
0.58,74,0.52,0
0.44,37,0.55,1
0.38,66,0.3,0
0.43,55,0.51,1
0.57,38,0.44,0
0.53,31,0.28,0
0.41,40,0.69,1
0.42,16,0.65,1
0.3,56,0.49,1
0.58,50,0.53,0
0.4,58,0.69,1
0.82,52,0.76,1
0.48,32,0.61,1
0.44,52,0.55,1
0.54,65,0.39,1
0.25,50,0.53,1
0.59,72,0.47,1
0.55,51,0.54,1
0.55,35,0.49,0
0.48,58,0.85,0
0.4,68,0.63,1
0.16,52,0.55,1
0.55,58,0.66,1
0.19,21,0.45,1
0.57,31,0.73,1
0.55,64,0.46,1
0.34,23,0.58,0
0.4,58,0.3,1
0.2,40,0.59,0
0.49,58,0.44,0
0.3,57,0.61,1
0.56,61,0.53,0
0.49,40,0.42,0
0.62,49,0.82,0
0.49,48,0.6,1
0.43,61,0.47,0
0.25,58,0.42,1
0.41,54,0.37,1
0.41,77,0.59,1
0.54,53,0.4,0
0.39,36,0.49,1
0.36,44,0.56,1
0.47,59,0.37,1
0.3,27,0.56,1
0.28,42,0.55,0
0.32,39,0.33,0
0.45,71,0.88,1
0.48,71,0.63,0
0.57,58,0.35,1
0.36,69,0.37,0
0.69,26,0.49,1
0.28,47,0.36,0
0.49,41,0.41,0
0.27,55,0.64,0
0.57,62,0.56,0
0.45,42,0.52,1
0.52,63,0.4,1
0.21,39,0.4,1
0.4,46,0.59,1
0.43,49,0.43,1
0.54,53,0.39,1
0.76,49,0.64,0
0.53,58,0.76,1
0.61,28,0.5,0
0.46,43,0.57,1
0.58,50,0.42,0
0.48,48,0.62,1
0.55,51,0.45,0
0.54,65,0.43,1
0.61,52,0.57,1
0.55,65,0.6,1
0.3,33,0.56,1
0.58,69,0.43,0
0.58,54,0.44,1
0.5,66,0.45,0
0.33,43,0.54,1
0.46,39,0.48,0
0.49,56,0.57,0
0.58,42,0.37,1
0.45,43,0.58,0
0.45,47,0.67,0
0.37,47,0.5,0
0.33,65,0.59,1
0.53,59,0.66,0
0.55,59,0.5,1
0.53,30,0.39,0
0.53,54,0.59,0
0.4,12,0.31,1
0.74,47,0.53,1
0.46,55,0.46,0
0.47,38,0.41,0
0.58,46,0.61,1
0.21,38,0.59,1
0.49,65,0.48,0
0.33,40,0.46,1
0.61,76,0.6,1
0.46,62,0.58,1
0.46,79,0.52,1
0.31,67,0.48,1
0.37,46,0.41,0
0.59,46,0.38,0
0.61,75,0.64,0
0.54,62,0.43,1
0.43,66,0.65,1
0.68,59,0.29,1
0.74,49,0.35,0
0.67,61,0.6,0
0.51,53,0.38,1
0.27,21,0.69,1
0.36,35,0.24,0
0.33,37,0.65,1
0.37,48,0.54,1
0.27,47,0.76,1
0.47,53,0.55,0
0.23,29,0.54,1
0.48,47,0.45,1
0.37,36,0.68,1
0.48,62,0.5,1
0.43,47,0.59,1
0.55,58,0.48,1
0.53,61,0.44,0
0.31,63,0.55,0
0.46,49,0.37,0
0.57,68,0.61,1
0.44,56,0.43,1
0.54,36,0.31,1
0.67,44,0.58,0
0.66,73,0.27,1
0.65,60,0.55,0
0.41,33,0.69,0
0.52,33,0.66,1
0.36,54,0.25,1
0.6,71,0.45,1
0.11,37,0.35,0
0.48,51,0.47,1
0.26,20,0.69,1
0.6,30,0.45,0
0.8,63,0.44,0
0.26,35,0.29,1
0.47,58,0.8,1
0.44,54,0.39,0
0.71,39,0.44,0
0.58,47,0.58,1
0.38,63,0.44,1
0.53,81,0.43,0
0.75,50,0.33,0
0.72,81,0.14,1
0.46,46,0.53,1
0.32,45,0.65,0
0.58,67,0.42,0
0.49,49,0.62,0
0.53,41,0.42,1
0.29,40,0.7,0
0.51,22,0.47,1
0.3,69,0.47,0
0.38,44,0.56,0
0.35,50,0.7,1
0.72,38,0.28,1
0.53,53,0.32,1
0.42,48,0.57,1
0.37,55,0.47,1
0.48,54,0.61,1
0.52,58,0.52,1
0.31,25,0.7,0
0.41,48,0.53,1
0.36,51,0.48,1
0.4,43,0.53,1
0.34,45,0.08,1
0.43,70,0.31,0
0.4,49,0.6,1
0.22,43,0.35,1
0.6,54,0.36,1
0.35,65,0.49,0
0.57,56,0.6,1
0.36,62,0.32,1
0.3,53,0.51,0
0.22,49,0.51,1
0.58,51,0.5,1
0.33,46,0.71,1
0.62,64,0.52,0
0.57,67,0.62,0
0.49,70,0.55,1
0.48,34,0.35,1
0.54,51,0.42,1
0.16,47,0.5,1
0.31,41,0.5,1
0.46,50,0.44,1
0.64,64,0.44,0
0.57,50,0.57,1
0.5,41,0.33,0
0.58,49,0.51,1
0.47,44,0.32,1
0.37,81,0.56,0
0.41,57,0.57,1
0.54,55,0.45,1
0.48,36,0.62,1
0.65,39,0.32,1
0.35,48,0.47,1
0.54,65,0.82,0
0.36,50,0.56,0
0.56,86,0.48,1
0.66,45,0.81,0
0.42,67,0.78,1
0.56,31,0.4,0
0.3,63,0.33,0
0.39,36,0.54,1
0.45,55,0.57,0
0.49,95,0.29,0
0.46,49,0.32,1
0.39,56,0.49,1
0.21,56,0.64,0
0.63,66,0.26,0
0.34,55,0.32,1
0.53,80,0.46,1
0.44,63,0.74,0
0.57,64,0.53,0
0.29,57,0.52,0
0.25,56,0.53,1
0.21,55,0.76,1
0.46,60,0.69,0
0.44,53,0.43,1
0.54,71,0.45,0
0.54,39,0.5,0
0.27,72,0.75,1
0.4,53,0.35,1
0.51,66,0.46,1
0.24,30,0.65,1
0.44,62,0.4,1
0.26,52,0.38,0
0.37,53,0.62,0
0.27,47,0.46,1
0.56,76,0.34,0
0.57,71,0.58,1
0.39,42,0.59,0
0.39,27,0.54,0
0.58,52,0.44,1
0.56,83,0.36,1
0.38,30,0.28,0
0.55,83,0.23,0
0.57,40,0.51,1
0.36,57,0.4,1
0.23,57,0.46,0
0.47,63,0.71,1
0.49,78,0.55,1
0.68,48,0.35,0
0.14,43,0.43,1
0.41,48,0.58,1
0.67,42,0.64,1
0.66,61,0.4,1
0.64,58,0.65,1
0.36,56,0.64,0
0.33,52,0.49,0
0.48,68,0.42,1
0.38,42,0.53,1
0.31,39,0.7,1
0.53,44,0.67,0
0.36,50,0.49,1
0.33,25,0.59,1
0.57,47,0.72,1
0.36,41,0.61,1
0.38,61,0.29,1
0.24,34,0.44,1
0.35,28,0.33,1
0.49,44,0.38,0
0.8,1,0.55,1
0.3,33,0.53,1
0.36,65,0.41,0
0.46,48,0.4,1
0.39,59,0.71,1
0.68,50,0.51,0
0.61,36,0.45,1
0.72,26,0.58,1
0.34,43,0.43,1
0.56,74,0.35,0
0.81,50,0.29,1
0.51,54,0.45,1
0.53,36,0.55,0
0.42,38,0.6,0
0.54,55,0.64,0
0.27,61,0.39,1
0.4,56,0.57,1
0.29,44,0.39,1
0.43,45,0.62,1
0.37,49,0.4,1
0.23,59,0.85,0
0.21,55,0.42,1
0.46,51,0.45,0
0.51,69,0.48,1
0.61,64,0.49,0
0.55,69,0.29,0
0.39,50,0.53,1
0.49,65,0.46,1
0.34,65,0.75,1
0.63,63,0.59,0
0.69,70,0.84,1
0.37,33,0.52,1
0.44,43,0.7,1
0.4,44,0.34,1
0.28,42,0.59,0
0.43,34,0.49,0
0.39,51,0.48,0
0.61,59,0.68,1
0.21,55,0.69,1
0.37,59,0.46,0
0.35,53,0.54,0
0.49,51,0.6,0
0.42,62,0.35,0
0.25,33,0.55,1
0.53,59,0.43,1
0.44,48,0.67,0
0.71,42,0.5,0
0.19,48,0.51,1
0.51,62,0.46,0
0.44,54,0.45,1
0.35,47,0.79,1
0.36,34,0.45,1
0.33,41,0.52,1
0.49,43,0.56,1
0.36,46,0.31,1
0.49,51,0.68,0
0.34,17,0.54,1
0.24,33,0.56,1
0.17,52,0.43,1
0.6,55,0.36,1
0.45,44,0.5,1
0.67,48,0.43,1
0.47,46,0.46,1
0.27,38,0.55,0
0.16,26,0.32,1
0.65,55,0.46,0
0.69,26,0.61,0
0.6,49,0.64,0
0.48,75,0.54,1
0.4,59,0.54,1
0.71,66,0.59,0
0.53,37,0.58,0
0.26,55,0.61,0
0.31,24,0.71,1
0.61,48,0.55,1
0.48,37,0.26,1
0.18,57,0.79,0
0.2,60,0.65,1
0.76,58,0.51,0
0.42,60,0.56,1
0.51,46,0.59,0
0.56,63,0.69,1
0.42,58,0.55,0
0.38,26,0.28,1
0.38,66,0.5,1
0.49,34,0.6,0
0.44,27,0.48,0
0.46,32,0.54,1
0.63,67,0.8,1
0.46,86,0.49,1
0.39,24,0.56,0
0.4,56,0.23,1
0.57,61,0.42,0
0.32,62,0.55,0
0.24,41,0.73,1
0.71,56,0.74,1
0.46,61,0.58,1
0.13,50,0.53,1
0.5,36,0.42,1
0.39,49,0.48,1
0.31,40,0.64,1
0.56,34,0.72,1
0.51,49,0.66,0
0.42,35,0.41,1
0.64,37,0.63,1
0.34,48,0.67,1
0.3,80,0.47,0
0.3,21,0.79,1
0.74,70,0.73,1
0.48,47,0.49,0
0.35,70,0.62,1
0.7,50,0.58,1
0.3,38,0.64,1
0.48,70,0.25,1
0.38,61,0.82,1
0.49,72,0.63,1
0.37,12,0.4,1
0.32,65,0.52,1
0.5,45,0.52,0
0.33,39,0.51,1
0.43,42,0.53,1
0.47,66,0.35,0
0.47,52,0.58,1
0.34,49,0.44,1
0.44,41,0.6,1
0.38,64,0.69,1
0.31,83,0.71,0
0.47,58,0.64,1
0.36,51,0.38,1
0.57,52,0.42,0
0.42,58,0.32,0
0.71,51,0.42,1
0.44,35,0.53,1
0.54,58,0.52,0
0.46,42,0.37,1
0.18,63,0.67,1
0.33,46,0.59,1
0.42,77,0.49,0
0.63,39,0.57,0
0.54,67,0.59,1
0.43,60,0.39,0
0.1,21,0.47,1
0.46,78,0.44,1
0.41,50,0.48,1
0.57,22,0.6,1
0.27,66,0.52,1
0.53,50,0.58,1
0.49,31,0.68,1
0.29,49,0.52,1
0.45,52,0.66,0
0.43,34,0.65,0
0.1,49,0.38,1
0.55,58,0.42,1
0.45,55,0.43,1
0.27,49,0.68,1
0.23,45,0.5,0
0.39,58,0.62,1
0.42,54,0.7,1
1,42,0.48,1
0.46,55,0.54,1
0.49,25,0.5,1
0.23,57,0.34,1
0.62,43,0.52,1
0.48,43,0.54,0
0.52,45,0.57,1
0.56,84,0.61,0
0.42,59,0.31,0
0.4,47,0.36,1
0.69,52,0.43,0
0.71,62,0.65,1
0.71,14,0.41,1
0.5,65,0.59,1
0.41,36,0.39,1
0.31,78,0.48,1
0.46,76,0.35,1
0.43,60,0.51,1
0.71,55,0.37,0
0.71,61,0.44,0
0.18,46,0.45,0
0.2,42,0.32,1
0.65,57,0.28,0
0.82,66,0.63,0
0.39,48,0.42,1
0.3,55,0.39,0
0.39,38,0.49,0
0.43,34,0.54,1
0.7,60,0.71,0
0.46,32,0.52,1
0.43,22,0.49,1
0.63,47,0.34,1
0.25,41,0.51,0
0.49,49,0.51,1
0.54,62,0.77,1
0.36,63,0.49,1
0.41,63,0.49,1
0.57,57,0.51,1
0.39,61,0.38,1
0.62,52,0.56,1
0.84,44,0.73,1
0.49,53,0.5,0
0.58,52,0.52,0
0.48,48,0.49,0
0.22,20,0.44,1
0.45,45,0.64,1
0.36,42,0.44,1
0.28,56,0.65,0
0.59,21,0.5,0
0.52,62,0.58,1
0.64,41,0.51,0
0.39,67,0.66,0
0.5,27,0.61,0
0.54,48,0.44,0
0.64,44,0.49,0
0.35,61,0.49,1
0.51,40,0.52,0
0.41,47,0.2,1
0.51,60,0.42,0
0.43,54,0.33,1
0.42,69,0.57,1
0.16,54,0.43,1
0.3,48,0.44,1
0.45,52,0.82,1
0.55,15,0.49,1
0.44,45,0.46,1
0.41,56,0.23,1
0.36,33,0.31,0
0.35,69,0.18,1
0.48,54,0.42,0
0.06,65,0.37,1
0.46,57,0.64,1
0.49,39,0.54,1
0.19,58,0.45,1
0.3,38,0.28,0
0.3,68,0.74,0
0.51,69,0.6,1
0.28,34,0.56,0
0.41,48,0.59,1
0.59,58,0.63,1
0.38,68,0.26,0
0.45,47,0.41,1
0.55,50,0.79,0
0.31,71,0.6,1
0.25,53,0.5,1
0.52,52,0.71,1
0.28,55,0.51,1
0.4,65,0.48,1
0.36,70,0.45,1
0.61,39,0.59,0
0.4,26,0.57,0
0.55,67,0.44,0
0.51,62,0.61,0
0.57,52,0.58,1
0.25,60,0.78,1
0.5,61,0.63,1
0.3,60,0.25,1
0.42,63,0.59,0
0.39,38,0.44,0
0.24,42,0.57,1
0.73,48,0.77,1
0.3,54,0.57,1
0.29,38,0.56,1
0.63,12,0.47,1
0.32,49,0.41,1
0.4,42,0.22,0
0.27,49,0.67,1
0.49,23,0.54,0
0.49,60,0.64,1
0.23,44,0.24,1
0.48,33,0.42,0
0.52,69,0.5,1
0.36,58,0.64,1
0.52,46,0.42,1
0.31,54,0.37,1
0.56,59,0.5,1
0.56,36,0.48,1
0.37,56,0.25,1
0.41,61,0.48,1
0.51,44,0.68,0
0.35,37,0.3,1
0.53,62,0.47,1
0.61,50,0.72,1
0.42,19,0.45,1
0.27,52,0.44,1
0.46,73,0.45,0
0.56,30,0.37,1
0.52,40,0.56,1
0.39,58,0.51,0
0.71,41,0.47,1
0.55,51,0.3,1
0.56,31,0.66,0
0.59,75,0.38,0
0.33,75,0.52,1
0.2,66,0.44,0
0.4,44,0.45,1
0.4,32,0.57,1
0.43,65,0.45,1
0.6,44,0.56,1
0.23,57,0.5,1
0.55,49,0.76,1
0.3,29,0.7,1
0.34,50,0.55,1
0.26,41,0.39,1
0.66,67,0.66,1
0.33,35,0.37,0
0.05,68,0.47,1
0.37,31,0.48,1
0.24,60,0.74,1
0.43,53,0.48,1
0.57,36,0.65,1
0.22,56,0.57,1
0.69,66,0.28,1
0.61,56,0.64,0
0.52,36,0.56,1
0.39,52,0.54,0
0.71,58,0.28,0
0.34,50,0.46,0
0.51,65,0.46,1
0.39,50,0.35,1
0.48,51,0.6,1
0.44,47,0.33,1
0.42,59,0.68,0
0.52,75,0.52,0
0.54,60,0.54,1
0.41,54,0.55,1
0.42,38,0.57,1
0.34,36,0.42,0
0.44,51,0.44,0
0.1,60,0.45,1
0.65,77,0.54,1
0.63,56,0.57,0
0.57,55,0.36,0
0.46,45,0.56,1
0.58,36,0.66,1
0.52,40,0.5,1
0.63,58,0.48,0
0.55,53,0.6,0
0.26,44,0.4,0
0.51,40,0.47,1
0.46,48,0.59,0
0.16,48,0.31,1
0.37,51,0.53,1
0.53,45,0.43,0
0.42,24,0.59,0
0.41,29,0.62,1
0.22,26,0.54,1
0.5,23,0.54,1
0.46,93,0.53,0
0.59,70,0.59,1
0.55,62,0.57,0
0.62,48,0.45,1
0.56,56,0.48,0
0.39,25,0.33,1
0.55,55,0.52,1
0.31,57,0.39,1
0.49,63,0.67,1
0.45,42,0.33,1
0.6,65,0.63,0
0.49,35,0.68,0
0.56,36,0.57,1
0.4,56,0.5,0
0.6,48,0.46,1
0.27,63,0.56,0
0.54,54,0.43,1
0.23,44,0.51,0
0.46,73,0.61,1
0.14,59,0.36,0
0.46,29,0.38,1
0.43,34,0.58,1
0.22,50,0.45,1
0.66,85,0.57,0
0.62,59,0.55,0
0.25,54,0.6,0
0.55,43,0.63,0
0.46,64,0.52,1
0.61,64,0.53,0
0.59,80,0.6,1
0.5,53,0.5,1
0.39,41,0.46,1
0.42,45,0.27,1
0.61,40,0.38,0
0.49,32,0.63,1
0.18,76,0.45,0
0.37,71,0.39,1
0.36,35,0.78,1
0.18,29,0.49,0
0.66,67,0.43,0
0.54,48,0.5,0
0.51,61,0.27,0
0.33,71,0.56,1
0.16,49,0.63,0
0.45,69,0.64,1
0.42,60,0.43,1
0.57,68,0.52,0
0.43,39,0.61,1
0.35,53,0.5,1
0.45,41,0.45,1
0.57,56,0.66,1
0.49,45,0.58,1
0.46,66,0.25,0
0.4,41,0.23,1
0.53,58,0.52,0
0.27,38,0.5,1
0.41,50,0.37,1
0.71,74,0.89,0
0.2,51,0.54,1
0.34,54,0.57,1
0.44,68,0.63,1
0.58,29,0.43,0
0.3,37,0.55,1
0.47,41,0.51,0
0.52,65,0.46,0
0.46,58,0.67,0
0.71,75,0.42,0
0.5,41,0.6,1
0.42,42,0.42,1
0.33,34,0.3,1
0.43,70,0.61,0
0.39,45,0.61,0
0.44,25,0.39,1
0.47,39,0.55,0
0.55,36,0.44,1
0.44,32,0.76,1
0.39,53,0.66,1
0.41,78,0.4,1
0.44,82,0.41,1
0.38,32,0.44,1
0.27,60,0.62,1
0.5,67,0.55,0
0.55,59,0.75,1
0.55,70,0.59,1
0.44,58,0.61,1
0.41,44,0.46,1
0.44,37,0.56,1
0.35,74,0.4,0
0.51,61,0.55,0
0.35,38,0.65,1
0.42,41,0.72,0
0.15,34,0.4,1
0.53,62,0.48,0
0.77,61,0.65,1
0.32,51,0.5,1
0.52,48,0.48,0
0.38,38,0.47,1
0.48,11,0.63,0
0.36,15,0.5,1
0.3,62,0.5,1
0.41,27,0.4,1
0.2,18,0.82,1
0.52,66,0.48,1
0.35,58,0.52,0
0.28,19,0.31,1
0.27,49,0.47,0
0.38,57,0.49,1
0.33,54,0.29,1
0.5,58,0.8,1
0.5,19,0.45,1
0.45,52,0.46,1
0.58,64,0.35,1
0.64,67,0.68,0
0.26,35,0.53,1
0.41,55,0.55,0
0.39,17,0.62,1
0.56,63,0.47,1
0.52,61,0.74,1
0.59,42,0.58,0
0.57,53,0.61,0
0.63,39,0.48,0
0.37,45,0.69,1
0.24,47,0.54,1
0.4,38,0.55,1
0.14,45,0.4,1
0.25,50,0.64,0
0.22,31,0.26,1
0.48,62,0.51,0
0.44,64,0.42,0
0.37,60,0.4,1
0.47,55,0.34,0
0.38,38,0.67,1
0.18,60,0.44,0
0.36,52,0.38,1
0.46,45,0.48,0
0.53,51,0.44,0
0.69,51,0.38,1
0.2,49,0.56,0
0.39,36,0.48,0
0.19,42,0.44,0
0.54,35,0.35,1
0.59,56,0.59,0
0.39,60,0.31,1
0.61,56,0.51,0
0.31,25,0.52,1
0.37,52,0.55,1
0.53,41,0.62,0
0.52,41,0.5,1
0.39,50,0.6,1
0.53,55,0.45,1
0.43,47,0.48,1
0.51,23,0.46,1
0.48,42,0.42,1
0.4,47,0.36,1
0.48,52,0.47,1
0.37,50,0.38,1
0.36,66,0.64,1
0.39,38,0.62,0
0.73,59,0.36,1
0.46,41,0.52,1
0.44,52,0.48,1
0.36,61,0.67,1
0.38,50,0.34,1
0.39,48,0.37,0
0.67,54,0.45,0
0.65,65,0.47,0
0.49,51,0.47,0
0.53,46,0.54,1
0.51,46,0.51,0
0.24,40,0.12,1
0.34,41,0.64,0
0.43,53,0.63,1
0.51,68,0.53,0
0.26,48,0.36,1
0.44,38,0.58,0
0.37,36,0.6,1
0.46,55,0.47,0
0.32,40,0.49,1
0.4,19,0.47,1
0.39,23,0.67,1
0.61,73,0.52,1
0.33,59,0.55,1
0.34,40,0.54,1
0.44,36,0.55,1
0.5,63,0.48,1
0.63,58,0.79,1
0.48,67,0.49,1
0.37,45,0.54,1
0.38,71,0.53,0
0.67,64,0.6,1
0.38,39,0.43,1
0.57,60,0.38,0
0.4,66,0.61,1
0.65,48,0.41,1
0.42,34,0.36,1
0.39,43,0.56,1
0.41,60,0.59,1
0.61,54,0.6,0
0.49,38,0.56,0
0.65,54,0.61,0
0.57,52,0.56,0
0.44,60,0.54,0
0.49,53,0.59,1
0.45,45,0.18,1
0.62,59,0.54,0
0.4,51,0.42,1
0.61,61,0.59,0
0.57,28,0.51,1
0.36,57,0.23,1
0.27,33,0.4,1
0.38,62,0.25,1
0.35,46,0.53,1
0.8,55,0.74,1
0.44,14,0.3,1
0.51,71,0.47,1
0.5,57,0.39,1
0.24,27,0.53,1
0.19,46,0.37,0
0.46,50,0.45,0
0.47,76,0.47,0
0.29,57,0.47,1
0.19,31,0.46,1
0.21,33,0.53,1
0.57,73,0.46,0
0.2,41,0.37,1
0.24,52,0.52,1
0.46,42,0.59,1
0.36,66,0.55,1
0.29,65,0.68,1
0.4,64,0.51,1
0.72,29,0.56,0
0.35,60,0.63,1
0.38,72,0.51,1
0.51,36,0.48,1
0.42,68,0.95,1
0.53,43,0.5,0
0.37,57,0.52,0
0.56,13,0.32,1
0.52,38,0.49,0
0.61,58,0.6,1
0.19,43,0.41,1
0.44,65,0.47,0
0.33,46,0.52,1
0.6,40,0.52,1
0.32,36,0.33,1
0.55,55,0.33,1
0.43,39,0.74,1
0.7,52,0.76,1
0.41,65,0.36,0
0.4,34,0.27,0
0.57,42,0.59,1
0.33,35,0.5,0
0.55,51,0.43,0
0.58,32,0.56,0
0.44,73,0.35,1
0.49,50,0.35,0
0.37,92,0.39,1
0.33,35,0.68,1
0.54,48,0.67,0
0.4,50,0.55,1
0.37,33,0.38,1
0.61,92,0.34,0
0.45,64,0.39,1
0.33,45,0.37,1
0.39,37,0.5,1
0.73,33,0.5,1
0.43,59,0.61,1
0.47,65,0.46,0
0.53,56,0.49,1
0.37,70,0.47,1
0.21,32,0.63,1
0.45,32,0.59,1
0.34,51,0.52,1
0.6,54,0.29,0
0.58,64,0.53,1
0.18,66,0.76,0
0.46,58,0.55,1
0.26,60,0.4,1
0.62,67,0.59,0
0.53,37,0.47,1
0.45,65,0.35,1
0.46,44,0.62,0
0.52,58,0.52,0
0.61,58,0.64,1
0.3,38,0.46,1
0.18,40,0.55,1
0.59,70,0.35,1
0.6,49,0.64,1
0.64,33,0.5,1
0.33,42,0.56,0
0.48,50,0.53,1
0.48,64,0.7,1
0.51,50,0.38,1
0.28,39,0.67,1
0.47,46,0.55,1
0.47,54,0.25,1
0.48,59,0.53,1
0.52,41,0.47,1
0.57,64,0.6,1
0.68,57,0.33,1
0.47,10,0.63,1
0.56,45,0.51,1
0.52,60,0.44,1
0.5,39,0.29,1
0.35,67,0.67,1
0.31,52,0.47,1
0.63,67,0.69,0
0.57,62,0.5,0
0.82,42,0.5,1
0.61,33,0.35,1
0.62,89,0.51,1
0.43,39,0.63,1
0.44,80,0.14,0
0.42,47,0.53,1
0.48,69,0.55,1
0.7,35,0.45,0
0.46,50,0.47,0
0.38,29,0.51,1
0.51,55,0.51,1
0.12,44,0.49,0
0.38,54,0.53,1
0.51,36,0.76,1
0.32,41,0.47,1
0.52,66,0.52,1
0.48,57,0.39,1
0.59,36,0.39,0
0.39,58,0.48,1
0.31,55,0.52,0
0.51,68,0.63,0
0.41,32,0.49,1
0.49,54,0.68,0
0.35,74,0.52,0
0.37,76,0.6,1
0.41,54,0.26,1
0.37,79,0.43,1
0.35,73,0.41,0
0.42,45,0.38,0
0.48,60,0.56,1
0.2,67,0.38,1
0.44,67,0.47,1
0.65,59,0.56,0
0.46,66,0.33,0
0.28,43,0.45,1
0.48,37,0.49,1
0.58,42,0.67,1
0.46,46,0.36,1
0.31,50,0.46,1
0.58,58,0.43,1
0.27,49,0.57,1
0.4,49,0.63,1
0.41,65,0.42,0
0.58,78,0.43,0
0.23,45,0.42,1
0.53,61,0.57,1
0.53,19,0.56,0
0.29,40,0.49,1
0.25,45,0.52,0
0.34,38,0.41,1
0.65,69,0.84,1
0.56,76,0.63,0
0.2,33,0.42,1
0.17,73,0.49,1
0.24,71,0.46,1
0.32,57,0.55,1
0.49,67,0.58,1
0.29,52,0.42,1
0.31,62,0.45,1
0.31,99,0.35,1
0.65,55,0.65,1
0.5,88,0.32,0
0.67,53,0.73,1
0.63,37,0.64,1
0.41,47,0.37,1
0.41,51,0.75,1
0.22,51,0.45,0
0.46,56,0.49,0
0.84,46,0.6,1
0.32,41,0.48,0
0.38,31,0.55,0
0.4,35,0.4,1
0.46,46,0.71,0
0.44,63,0.36,0
0.39,74,0.53,1
0.58,81,0.27,0
0.27,51,0.61,1
0.35,67,0.5,0
0.5,50,0.54,1
0.41,65,0.47,1
0.52,58,0.63,0
0.44,41,0.53,1
0.36,32,0.49,1
0.17,64,0.31,1
0.46,55,0.38,1
0.36,53,0.37,1
0.64,45,0.57,0
0.49,42,0.75,1
0.51,68,0.49,1
0.28,38,0.36,1
0.48,62,0.31,0
0.33,31,0.53,1
0.62,37,0.72,0
0.15,66,0.29,1
0.36,51,0.33,0
0.53,58,0.63,1
0.4,50,0.31,1
0.52,43,0.53,0
0.71,45,0.88,1
0.3,39,0.54,0
0.21,26,0.31,1
0.61,37,0.41,1
0.68,40,0.4,0
0.55,43,0.65,1
0.35,61,0.45,1
0.65,71,0.42,1
0.36,33,0.49,1
0.49,49,0.68,1
0.33,35,0.18,1
0.24,62,0.38,1
0.51,57,0.83,1
0.82,69,0.7,0
0.5,55,0.34,0
0.36,64,0.7,1
0.35,59,0.33,1
0.31,50,0.75,1
0.32,40,0.46,1
0.46,49,0.43,1
0.7,48,0.38,1
0.6,58,0.6,0
0.31,24,0.24,1
0.18,40,0.42,1
0.25,45,0.44,1
0.29,59,0.51,1
0.41,53,0.38,1
0.46,59,0.72,1
0.32,45,0.39,1
0.54,52,0.4,0
0.51,58,0.4,0
0.47,29,0.57,1
0.52,55,0.6,0
0.33,52,0.37,1
0.42,60,0.69,0
0.37,46,0.58,1
0.47,46,0.37,1
0.34,63,0.35,1
0.38,72,0.61,0
0.32,68,0.53,1
0.85,67,0.76,1
0.43,49,0.4,1
0.63,35,0.37,1
0.21,64,0.23,1
0.45,44,0.49,0
0.58,78,0.3,0
0.54,38,0.39,1
0.41,50,0.47,1
0.39,50,0.65,1
0.47,32,0.53,1
0.66,83,0.46,1
0.54,23,0.76,0
0.14,36,0.44,1
0.5,49,0.34,1
0.33,60,0.49,1
0.58,46,0.34,1
0.31,61,0.61,1
0.55,29,0.32,1
0.67,48,0.36,0
0.47,67,0.42,0
0.59,49,0.36,0
0.61,59,0.5,1
0.62,48,0.47,1
0.49,50,0.39,0
0.42,30,0.55,1
0.39,71,0.73,0
0.56,38,0.63,0
0.37,61,0.61,0
0.29,67,0.58,0
0.32,38,0.61,0
0.43,55,0.48,1
0.35,38,0.69,1
0.35,46,0.49,1
0.53,71,0.58,0
0.32,55,0.52,1
0.44,64,0.44,1
0.57,36,0.44,1
0.65,57,0.63,0
0.51,52,0.74,1
0.3,65,0.76,0
0.37,43,0.57,1
0.37,41,0.54,1
0.29,42,0.53,0
0.45,40,0.38,0
0.54,41,0.58,0
0.62,57,0.6,1
0.32,77,0.35,0
0.47,77,0.35,1
0.33,55,0.54,1
0.52,66,0.52,0
0.48,50,0.65,1
0.22,31,0.57,1
0.49,74,0.67,1
0.45,44,0.67,1
0.42,49,0.64,0
0.48,23,0.48,1
0.17,52,0.45,0
0.54,67,0.69,1
0.5,53,0.62,0
0.57,70,0.53,1
0.2,63,0.47,1
0.42,17,0.42,1
0.12,22,0.38,1
0.35,48,0.32,0
0.5,45,0.4,1
0.52,58,0.47,1
0.09,49,0.42,0
0.63,71,0.42,0
0.37,51,0.44,1
0.46,54,0.5,1
0.54,54,0.66,1
0.6,68,0.42,0
0.5,31,0.67,1
0.56,47,0.98,1
0.44,33,0.36,1
0.42,63,0.72,1
0.88,59,0.55,0
0.48,73,0.42,1
0.41,47,0.47,1
0.25,55,0.68,1
0.28,70,0.47,1
0.45,44,0.48,0
0.51,46,0.62,1
0.41,37,0.44,1
0.25,46,0.54,1
0.37,45,0.52,1
0.38,57,0.7,0
0.4,32,0.44,1
0.4,40,0.58,1
0.36,54,0.74,1
0.55,47,0.37,1
0.48,34,0.35,1
0.56,51,0.64,0
0.24,40,0.36,1
0.22,31,0.43,1
0.36,48,0.28,1
0.56,25,0.65,0
0.43,65,0.44,1
0.34,66,0.44,1
0.76,59,0.52,1
0.06,42,0.52,1
0.25,53,0.4,1
0.36,42,0.65,1
0.39,57,0.84,1
0.36,64,0.38,1
0.33,53,0.59,1
0.48,59,0.45,1
0.29,8,0.68,1
0.64,46,0.54,1
0.38,50,0.38,1
0.39,49,0.61,0
0.47,27,0.57,1
0.58,70,0.58,1
0.38,59,0.31,1
0.55,63,0.5,1
0.62,59,0.4,1
0.4,68,0.48,1
0.53,54,0.58,0
0.38,42,0.4,0
0.18,63,0.36,0
0.35,39,0.44,0
0.34,33,0.33,0
0.36,40,0.47,1
0.45,74,0.56,1
0.35,65,0.47,1
0.38,53,0.49,1
0.34,50,0.52,1
0.78,39,0.49,1
0.49,46,0.41,1
0.58,51,0.67,0
0.39,48,0.33,1
0.42,51,0.5,1
0.51,68,0.54,1
0.78,37,0.37,0
0.27,57,0.64,1
0.42,68,0.51,1
0.35,65,0.27,1
0.14,51,0.56,1
0.16,69,0.36,0
0.56,53,0.58,0
0.24,62,0.39,1
0.58,43,0.35,1
0.54,61,0.72,1
0.22,44,0.65,1
0.62,65,0.63,0
0.48,65,0.65,1
0.29,45,0.27,0
0.49,56,0.81,1
0.3,29,0.43,1
0.21,19,0.46,1
0.64,38,0.66,1
0.26,41,0.5,1
0.48,62,0.65,1
0.5,58,0.3,1
0.3,51,0.38,0
0.23,39,0.48,1
0.55,77,0.46,1
0.65,48,0.56,0
0.39,64,0.39,0
0.26,38,0.39,1
0.69,38,0.58,1
0.33,67,0.39,0
0.53,47,0.37,1
0.39,65,0.38,0
0.62,64,0.43,0
0.32,63,0.71,0
0.78,66,0.69,0
0.42,58,0.44,0
0.6,61,0.45,0
0.41,41,0.52,1
0.57,54,0.6,1
0.34,59,0.6,0
0.25,77,0.45,1
0.57,41,0.73,1
0.39,70,0.44,0
0.75,64,0.61,1
0.41,57,0.64,1
0.57,73,0.67,1
0.54,66,0.43,0
0.5,66,0.48,1
0.46,63,0.49,1
0.36,39,0.56,1
0.54,41,0.64,1
0.7,42,0.36,1
0.58,32,0.54,1
0.21,34,0.16,1
0.6,46,0.61,1
0.41,37,0.31,1
0.3,69,0.44,1
0.35,72,0.61,0
0.13,50,0.38,1
0.33,66,0.34,1
0.41,40,0.69,0
0.48,33,0.47,0
0.36,61,0.38,0
0.24,39,0.08,1
0.56,36,0.46,1
0.48,21,0.46,1
0.37,65,0.27,1
0.63,50,0.41,1
0.43,21,0.32,1
0.44,57,0.6,1
0.31,46,0.59,1
0.62,36,0.45,0
0.39,59,0.49,1
0.18,78,0.52,0
0.57,68,0.5,0
0.34,66,0.57,1
0.51,56,0.57,0
0.49,36,0.62,0
0.51,50,0.67,1
0.32,45,0.36,1
0.44,60,0.32,1
0.29,67,0.61,1
0.51,75,0.56,0
0.36,37,0.27,0
0.47,45,0.63,1
0.76,47,0.77,0
0.47,32,0.63,1
0.33,39,0.41,1
0.49,49,0.61,0
0.39,32,0.61,1
0.85,61,0.4,0
0.44,47,0.3,1
0.09,18,0.14,1
0.32,67,0.59,1
0.56,45,0.53,1
0.44,63,0.52,0
0.76,27,0.41,1
0.55,82,0.62,1
0.19,57,0.36,1
0.62,57,0.44,0
0.44,40,0.54,0
0.41,21,0.42,1
0.49,42,0.49,1
0.36,30,0.49,1
0.35,64,0.46,1
0.37,51,0.47,1
0.72,66,0.68,1
0.53,60,0.57,0
0.34,43,0.37,0
0.35,61,0.49,1
0.38,44,0.31,1
0.43,53,0.54,1
0.46,40,0.65,1
0.6,67,0.5,0
0.46,46,0.36,1
0.21,39,0.61,0
0.23,33,0.4,1
0.57,77,0.5,1
0.43,66,0.49,0
0.48,79,0.25,1
0.49,44,0.43,1
0.4,59,0.33,1
0.46,55,0.65,0
0.28,79,0.26,1
0.41,49,0.43,1
0.46,59,0.59,1
0.45,28,0.6,1
0.44,32,0.5,0
0.47,52,0.57,1
0.37,61,0.51,1
0.3,68,0.37,1
0.52,47,0.33,0
0.73,57,0.83,1
0.24,46,0.36,1
0.51,49,0.51,1
0.56,46,0.48,1
0.5,62,0.59,1
0.37,38,0.43,1
0.42,47,0.61,1
0.48,66,0.64,1
0.42,15,0.51,0
0.71,70,0.58,0
0.22,46,0.56,0
0.4,54,0.5,1
0.56,60,0.7,0
0.38,83,0.55,1
0.49,52,0.61,0
0.46,54,0.59,1
0.79,70,0.46,0
0.44,34,0.48,1
0.32,34,0.45,1
0.62,41,0.55,1
0.69,74,0.45,0
0.45,62,0.58,1
0.44,22,0.43,1
0.47,85,0.2,0
0.43,64,0.66,1
0.79,51,0.78,1
0.21,50,0.48,1
0.5,69,0.62,1
0.09,62,0.44,0
0.48,59,0.57,1
0.42,41,0.37,1
0.33,72,0.36,1
0.56,79,0.69,1
0.67,70,0.77,0
0.63,52,0.43,1
0.27,53,0.42,1
0.54,65,0.4,1
0.33,39,0.57,1
0.5,55,0.37,0
0.39,39,0.53,1
0.16,55,0.55,0
0.45,34,0.46,1
0.69,81,0.17,0
0.39,64,0.4,0
0.29,44,0.53,1
0.53,58,0.4,1
0.41,37,0.67,1
0.4,31,0.37,0
0.49,68,0.58,0
0.45,54,0.53,1
0.59,50,0.53,1
0.21,27,0.47,1
0.45,55,0.34,0
0.26,59,0.35,1
0.34,61,0.37,0
0.63,20,0.48,1
0.58,41,0.62,1
0.38,29,0.57,1
0.22,46,0.33,1
0.67,58,0.63,1
0.46,50,0.45,1
0.31,53,0.37,1
0.24,44,0.6,1
0.64,78,0.32,0
0.36,37,0.37,0
0.41,51,0.42,1
0.44,31,0.6,1
0.57,26,0.48,0
0.83,49,0.67,0
0.64,42,0.66,0
0.44,68,0.3,0
0.25,25,0.54,1
0.41,45,0.58,1
0.32,46,0.38,1
0.35,26,0.41,1
0.39,56,0.59,1
0.48,60,0.45,0
0.27,39,0.43,1
0.48,63,0.71,1
0.48,41,0.69,1
0.59,46,0.63,0
0.51,60,0.56,0
0.43,63,0.45,1
0.47,57,0.56,1
0.56,31,0.47,0
0.67,59,0.66,0
0.44,42,0.4,1
0.42,51,0.54,0
0.35,56,0.6,0
0.66,48,0.59,0
0.47,52,0.43,1
0.55,76,0.48,1
0.44,51,0.49,1
0.63,73,0.59,1
0.74,57,0.52,1
0.44,61,0.48,1
0.27,40,0.6,0
0.51,65,0.6,1
0.56,53,0.64,1
0.56,44,0.58,1
0.5,49,0.46,1
0.63,65,0.7,0
0.56,47,0.54,0
0.5,62,0.41,1
0.55,76,0.39,0
0.44,63,0.52,1
0.59,33,0.49,1
0.51,50,0.62,1
0.58,34,0.27,0
0.41,62,0.7,1
0.68,31,0.59,0
0.62,67,0.5,1
0.18,49,0.37,1
0.15,46,0.46,1
0.54,38,0.37,1
0.57,28,0.48,1
0.59,60,0.6,1
0.57,74,0.38,1
0.21,28,0.36,1
0.71,52,0.62,1
0.29,40,0.73,1
0.18,52,0.36,1
0.45,59,0.55,0
0.38,76,0.46,1
0.54,55,0.44,0
0.56,81,0.52,1
0.65,53,0.26,1
0.27,53,0.4,1
0.72,57,0.51,1
0.39,45,0.53,0
0.3,37,0.42,1
0.37,53,0.65,1
0.51,51,0.39,0
0.29,60,0.47,1
0.52,65,0.34,0
0.54,90,0.46,0
0.26,35,0.61,0
0.45,58,0.66,1
0.24,37,0.54,1
0.54,58,0.68,0
0.75,66,0.68,1
0.21,35,0.46,0
0.43,50,0.52,1
0.44,53,0.59,1
0.44,52,0.65,1
0.64,39,0.59,0
0.43,55,0.37,0
0.6,70,0.49,0
0.4,67,0.64,1
0.63,53,0.61,1
0.42,33,0.63,1
0.64,49,0.57,1
0.3,59,0.36,0
0.35,40,0.38,1
0.36,35,0.59,1
0.47,42,0.63,1
0.48,62,0.42,0
0.51,64,0.58,0
0.25,45,0.36,1
0.58,60,0.55,0
0.5,59,0.61,1
0.31,51,0.62,1
0.32,47,0.58,0
0.63,51,0.5,1
0.26,56,0.64,1
0.76,69,0.59,1
0.47,26,0.61,0
0.39,45,0.33,0
0.4,37,0.72,0
0.26,31,0.61,1
0.44,41,0.55,1
0.56,52,0.3,1
0.57,58,0.37,0
0.37,35,0.45,0
0.6,64,0.38,1
0.66,62,0.55,1
0.39,61,0.42,1
0.55,55,0.36,1
0.38,41,0.41,1
0.55,62,0.4,0
0.55,46,0.71,1
0.53,65,0.57,0
0.32,57,0.61,1
0.49,45,0.54,1
0.33,32,0.54,1
0.49,59,0.7,1
0.45,57,0.38,1
0.48,53,0.36,1
0.3,31,0.59,1
0.54,53,0.54,0
0.27,52,0.48,1
0.59,50,0.58,0
0.34,74,0.48,1
0.46,17,0.66,1
0.39,56,0.55,0
0.46,47,0.42,0
0.37,37,0.48,0
0.66,40,0.55,0
0.73,54,0.57,0
0.4,62,0.64,1
0.67,25,0.58,1
0.21,56,0.4,1
0.44,32,0.54,0
0.62,59,0.43,0
0.57,64,0.55,1
0.6,63,0.45,1
0.73,58,0.65,1
0.56,68,0.31,0
0.29,49,0.54,1
0.12,27,0.27,1
0.59,56,0.8,0
0.43,51,0.67,0
0.61,57,0.48,0
0.52,62,0.59,0
0.55,48,0.45,1
0.48,93,0.56,0
0.31,50,0.49,1
0.53,47,0.57,1
0.45,49,0.36,1
0.49,32,0.41,1
0.48,49,0.47,0
0.56,48,0.54,0
0.7,77,0.37,0
0.43,21,0.34,1
0.6,68,0.68,1
0.48,46,0.5,1
0.5,28,0.39,1
0.62,53,0.5,1
0.3,60,0.34,1
0.42,86,0.62,0
0.2,45,0.4,1
0.55,69,0.49,1
0.34,50,0.13,1
0.26,58,0.61,1
0.48,63,0.44,0
0.67,68,0.59,0
0.49,56,0.53,1
0.54,72,0.88,1
0.62,31,0.43,1
0.72,39,0.42,0
0.43,53,0.4,1
0.47,44,0.47,0
0.65,57,0.47,0
0.33,46,0.58,0
0.55,48,0.52,1
0.4,56,0.68,1
0.42,45,0.4,1
0.4,52,0.58,1
0.66,28,0.53,1
0.52,51,0.47,1
0.39,58,0.44,1
0.33,36,0.63,1
0.31,74,0.29,1
0.71,65,0.59,0
0.45,53,0.35,0
0.31,53,0.52,1
0.35,58,0.54,1
0.5,56,0.42,0
0.56,51,0.53,1
0.36,52,0.15,0
0.49,66,0.38,0
0.42,36,0.41,1
0.57,60,0.47,1
0.34,42,0.33,1
0.51,59,0.37,1
0.47,47,0.49,1
0.61,61,0.58,0
0.74,63,0.57,0
0.25,42,0.42,1
0.62,83,0.46,1
0.24,41,0.49,1
0.12,75,0.43,1
0.47,64,0.48,0
0.34,41,0.61,1
0.77,64,0.55,0
0.69,67,0.66,1
0.55,63,0.55,1
0.45,51,0.5,1
0.43,79,0.54,1
0.31,49,0.44,0
0.6,32,0.49,1
0.45,55,0.53,1
0.31,42,0.64,0
0.59,59,0.56,1
0.43,54,0.42,1
0.27,58,0.44,0
0.22,34,0.84,1
0.34,60,0.46,1
0.43,59,0.47,1
0.22,54,0.38,0
0.58,61,0.55,1
0.39,35,0.39,1
0.55,67,0.66,1
0.43,29,0.47,1
0.6,56,0.59,0
0.67,39,0.48,0
0.68,64,0.44,0
0.44,36,0.79,0
0.37,74,0.43,1
0.11,45,0.57,1
0.57,64,0.73,1
0.32,25,0.45,1
0.34,59,0.42,1
0.44,43,0.29,1
0.52,65,0.31,1
0.22,46,0.69,1
0.23,35,0.54,1
0.42,39,0.53,1
0.37,77,0.51,1
0.21,52,0.61,1
0.5,56,0.4,1
0.36,66,0.46,0
0.31,47,0.54,0
0.54,72,0.78,1
0.39,58,0.42,1
0.47,59,0.43,1
0.41,57,0.48,1
0.55,37,0.63,0
0.52,62,0.47,1
0.28,42,0.34,1
0.57,66,0.78,1
0.48,60,0.59,0
0.29,57,0.65,0
0.53,55,0.77,1
0.6,51,0.46,0
0.33,44,0.46,1
0.25,36,0.56,1
0.32,55,0.55,1
0.59,72,0.48,1
0.23,53,0.53,1
0.4,40,0.6,0
0.39,56,0.66,1
0.18,40,0.73,0
0.26,19,0.4,1
0.43,68,0.35,1
0.38,60,0.61,0
0.61,51,0.44,0
0.52,44,0.5,1
0.29,23,0.69,1
0.23,56,0.77,0
0.16,57,0.69,0
0.3,69,0.69,0
0.59,46,0.42,1
0.43,34,0.32,1
0.42,53,0.37,1
0.48,43,0.59,1
0.53,65,0.45,1
0.26,33,0.52,1
0.41,54,0.29,1
0.46,42,0.59,1
0.32,66,0.65,0
0.6,69,0.24,0
0.34,59,0.2,1
0.4,40,0.69,1
0.8,49,0.72,1
0.28,54,0.69,0
0.24,56,0.57,1
0.2,39,0.49,0
0.29,49,0.4,1
0.69,76,0.55,1
0.37,48,0.22,1
0.09,53,0.7,1
0.33,62,0.5,0
0.35,47,0.6,0
0.62,44,0.77,1
0.69,74,0.48,0
0.47,62,0.66,1
0.29,57,0.53,1
0.34,53,0.48,0
0.26,47,0.46,1
0.29,83,0.58,1
0.34,59,0.74,1
0.39,38,0.59,1
0.64,47,0.47,0
0.56,57,0.78,0
0.74,54,0.4,1
0.43,59,0.63,1
0.56,34,0.51,1
0.25,53,0.44,1
0.55,51,0.36,1
0.44,52,0.41,0
0.46,69,0.61,0
0.45,38,0.7,1
0.59,50,0.51,1
0.36,47,0.26,1
0.24,44,0.35,1
0.43,58,0.49,0
0.75,64,0.59,0
0.45,44,0.68,0
0.35,58,0.45,1
0.49,63,0.45,0
0.55,49,0.64,1
0.36,48,0.51,1
0.51,51,0.57,1
0.53,45,0.57,1
0.59,53,0.5,0
0.3,22,0.54,1
0.44,63,0.5,1
0.42,38,0.65,1
0.46,43,0.47,1
0.31,40,0.68,1
0.27,60,0.25,0
0.35,52,0.33,0
0.59,53,0.64,0
0.46,21,0.42,1
0.48,43,0.58,1
0.35,59,0.36,1
0.54,44,0.45,1
0.49,36,0.37,1
0.59,2,0.42,1
0.47,40,0.46,0
0.29,46,0.52,1
0.45,63,0.33,0
0.54,67,0.61,0
0.51,76,0.58,1
0.53,58,0.6,0
0.5,58,0.7,0
0.54,40,0.86,1
0.38,49,0.48,1
0.46,67,0.54,1
0.45,35,0.51,0
0.68,56,0.61,1
0.45,69,0.28,0
0.61,78,0.51,0
0.28,44,0.54,1
0.03,23,0.32,1
0.52,37,0.44,1
0.53,32,0.47,1
0.34,46,0.62,1
0.51,69,0.45,0
0.41,50,0.33,0
0.28,57,0.32,1
0.41,61,0.37,0
0.43,50,0.69,1
0.56,28,0.63,1
0.45,85,0.53,1
0.41,40,0.55,1
0.62,57,0.61,1
0.29,29,0.46,1
0.46,45,0.52,1
0.28,67,0.41,1
0.72,67,0.62,1
0.35,56,0.32,1
0.29,74,0.51,0
0.55,43,0.68,1
0.51,64,0.64,1
0.7,77,0.6,1
0.27,23,0.54,1
0.26,47,0.29,0
0.34,49,0.72,1
0.66,88,0.22,0
0.34,63,0.6,0
0.4,48,0.49,1
0.49,32,0.37,1
0.38,39,0.47,1
0.67,55,0.77,1
0.25,46,0.66,1
0.3,55,0.6,1
0.25,30,0.64,0
0.29,34,0.59,1
0.27,54,0.82,1
0.66,55,0.65,1
0.53,30,0.55,0
0.81,35,0.63,1
0.34,83,0.61,1
0.63,41,0.45,0
0.11,54,0.3,1
0.44,60,0.66,1
0.39,66,0.65,0
0.39,48,0.42,1
0.47,64,0.41,1
0.55,55,0.57,0
0.38,33,0.66,1
0.53,62,0.53,0
0.45,35,0.56,1
0.56,44,0.38,1
0.43,45,0.47,1
0.31,49,0.41,1
0.45,47,0.5,1
0.41,54,0.43,1
0.3,69,0.4,1
0.26,60,0.72,1
0.62,32,0.48,1
0.54,51,0.52,1
0.38,64,0.58,1
0.59,47,0.34,1
0.48,58,0.6,0
0.46,65,0.66,0
0.61,46,0.56,1
0.64,59,0.58,0
0.74,45,0.52,0
0.38,73,0.58,0
0.51,58,0.37,1
0.71,36,0.53,1
0.42,23,0.38,1
0.22,48,0.6,1
0.28,49,0.35,1
0.67,51,0.76,1
0.39,59,0.69,0
0.36,31,0.39,0
0.68,48,0.47,0
0.4,23,0.48,1
0.7,76,0.63,1
0.48,13,0.52,1
0.36,74,0.64,1
0.36,49,0.43,1
0.37,56,0.58,0
0.47,71,0.48,1
0.43,47,0.37,1
0.43,48,0.42,1
0.5,59,0.85,1
0.47,52,0.44,0
0.44,43,0.49,0
0.45,50,0.57,1
0.35,43,0.34,1
0.45,61,0.64,1
0.51,29,0.37,1
0.41,26,0.46,1
0.4,45,0.58,1
0.37,46,0.3,1
0.55,66,0.49,1
0.69,51,0.71,1
0.57,56,0.44,1
0.74,71,0.52,0
0.51,51,0.68,1
0.64,81,0.63,0
0.33,42,0.53,1
0.62,65,0.6,1
0.52,36,0.53,1
0.29,70,0.49,1
0.51,48,0.42,1
0.27,37,0.43,1
0.44,67,0.47,1
0.49,35,0.66,1
0.27,70,0.65,0
0.31,44,0.8,1
0.41,60,0.51,1
0.46,41,0.34,0
0.67,65,0.66,0
0.32,34,0.4,1
0.44,55,0.4,1
0.49,74,0.38,0
0.4,52,0.31,1
0.86,65,0.94,1
0.34,49,0.54,1
0.62,50,0.45,0
0.29,32,0.6,1
0.16,25,0.36,0
0.39,43,0.69,1
0.28,52,0.43,1
0.3,33,0.43,1
0.4,40,0.63,0
0.48,44,0.35,1
0.64,61,0.67,0
0.64,59,0.37,0
0.41,63,0.5,1
0.39,40,0.6,1
0.35,71,0.6,1
0.28,46,0.54,1
0.56,43,0.57,1
0.47,62,0.37,1
0.35,74,0.51,0
0.58,63,0.48,1
0.67,58,0.62,1
0.47,54,0.53,1
0.43,51,0.19,1
0.4,53,0.41,1
0.62,55,0.49,0
0.67,57,0.45,1
0.46,60,0.65,0
0.43,56,0.31,1
0.6,37,0.28,1
0.66,63,0.42,0
0.47,50,0.25,1
0.44,47,0.71,1
0.32,51,0.57,1
0.36,49,0.47,1
0.41,41,0.3,1
0.53,61,0.52,0
0.36,24,0.44,1
0.71,61,0.49,1
0.48,27,0.46,1
0.58,40,0.36,0
0.28,62,0.53,1
0.34,54,0.42,1
0.64,70,0.68,1
0.59,51,0.38,1
0.33,49,0.71,1
0.33,45,0.57,1
0.62,59,0.52,1
0.58,64,0.39,1
0.35,33,0.35,1
0.61,55,0.51,0
0.57,61,0.61,1
0.59,52,0.54,0
0.43,81,0.61,1
0.19,53,0.35,1
0.62,70,0.38,0
0.5,62,0.52,0
0.32,53,0.48,1
0.63,50,0.56,1
0.74,35,0.56,1
0.47,51,0.64,1
0.55,33,0.42,0
0.52,15,0.7,0
0.33,46,0.45,1
0.29,52,0.57,0
0.36,68,0.47,0
0.46,51,0.51,0
0.51,49,0.69,0
0.19,37,0.54,1
0.56,63,0.7,1
0.33,43,0.7,0
0.5,51,0.46,0
0.27,50,0.57,0
0.7,78,0.4,0
0.57,58,0.67,1
0.65,78,0.55,0
0.64,64,0.48,0
0.41,32,0.3,1
0.54,18,0.59,1
0.52,55,0.66,1
0.27,84,0.52,1
0.65,50,0.32,0
0.38,71,0.74,0
0.36,50,0.31,1
0.77,84,0.48,0
0.33,57,0.38,1
0.4,32,0.55,1
0.37,62,0.56,0
0.69,61,0.26,1
0.35,57,0.54,1
0.48,49,0.43,0
0.48,55,0.51,1
0.51,65,0.54,0
0.24,51,0.37,1
0.38,48,0.28,1
0.38,57,0.65,1
0.69,57,0.27,0
0.66,46,0.58,0
0.42,50,0.61,1
0.44,79,0.5,1
0.49,64,0.54,1
0.49,60,0.61,0
0.56,60,0.58,0
0.48,37,0.42,0
0.35,34,0.36,1
0.58,65,0.45,1
0.29,26,0.45,1
0.63,66,0.58,0
0.37,21,0.59,1
0.26,43,0.82,1
0.58,66,0.32,0
0.33,38,0.48,1
0.65,77,0.61,0
0.51,92,0.55,0
0.57,41,0.48,1
0.26,61,0.3,1
0.58,49,0.56,0
0.5,33,0.5,1
0.63,40,0.44,0
0.57,45,0.42,1
0.68,64,0.6,0
0.6,52,0.41,0
0.47,30,0.58,1
0.35,38,0.43,1
0.35,17,0.55,1
0.34,70,0.37,1
0.65,75,0.58,0
0.43,59,0.51,1
0.59,69,0.53,1
0.35,57,0.32,1
0.39,59,0.54,1
0.35,70,0.46,0
0.47,60,0.66,1
0.35,63,0.58,1
0.3,41,0.18,1
0.35,33,0.43,1
0.41,64,0.48,0
0.4,40,0.67,1
0.35,27,0.67,1
0.33,77,0.82,0
0.4,59,0.48,1
0.16,29,0.08,1
0.74,40,0.69,1
0.45,43,0.6,0
0.45,65,0.48,0
0.47,58,0.58,0
0.39,55,0.71,1
0.4,64,0.58,0
0.42,47,0.45,0
0.14,41,0.49,1
0.07,32,0.5,1
0.54,29,0.4,1
0.33,42,0.27,1
0.53,49,0.37,0
0.44,63,0.55,0
0.3,38,0.79,1
0.63,75,0.55,1
0.55,34,0.59,0
0.33,66,0.54,1
0.42,58,0.65,1
0.53,46,0.53,0
0.57,55,0.63,1
0.68,62,0.58,1
0.55,63,0.55,0
0.48,44,0.46,1
0.41,36,0.62,1
0.51,54,0.58,0
0.4,48,0.52,1
0.37,61,0.51,1
0.3,52,0.32,1
0.65,58,0.48,0
0.48,57,0.57,1
0.8,40,0.83,0
0.59,76,0.62,0
0.59,51,0.27,0
0.59,61,0.86,1
0.76,77,0.44,1
0.58,52,0.67,0
0.4,55,0.43,0
0.5,50,0.48,0
0.41,52,0.42,1
0.45,56,0.6,0
0.42,64,0.25,0
0.53,32,0.48,1
0.51,63,0.66,1
0.43,78,0.53,1
0.5,68,0.75,1
0.58,51,0.43,1
0.5,20,0.63,1
0.23,62,0.51,0
0.41,51,0.7,1
0.37,52,0.38,1
0.48,51,0.46,0
0.4,69,0.43,1
0.23,70,0.4,1
0.57,10,0.46,1
0.56,57,0.61,0
0.32,60,0.35,1
0.25,44,0.62,0
0.56,40,0.56,1
0.38,41,0.41,1
0.26,38,0.41,1
0.42,74,0.41,0
0.25,78,0.55,0
0.35,50,0.54,0
0.44,54,0.45,1
0.36,65,0.37,1
0.48,58,0.42,1
0.64,64,0.56,0
0.5,33,0.62,1
0.61,49,0.31,1
0.48,78,0.58,0
0.3,38,0.41,0
0.58,54,0.47,1
0.04,67,0.4,1
0.04,47,0.6,0
0.23,48,0.29,1
0.39,77,0.53,1
0.39,45,0.55,1
0.49,58,0.54,0
0.21,47,0.45,1
0.33,70,0.54,1
0.48,30,0.43,0
0.22,30,0.53,1
0.65,72,0.51,0
0.35,62,0.68,1
0.6,59,0.67,0
0.41,54,0.6,0
0.44,58,0.58,0
0.35,61,0.67,1
0.78,66,0.43,1
0.3,56,0.36,1
0.44,80,0.47,1
0.39,73,0.29,1
0.49,50,0.28,1
0.37,61,0.53,1
0.51,57,0.66,1
0.41,74,0.77,1
0.54,43,0.49,1
0.61,59,0.69,1
0.53,71,0.31,0
0.47,65,0.34,1
0.56,33,0.41,1
0.54,48,0.5,0
0.27,76,0.64,1
0.44,30,0.31,1
0.48,66,0.78,0
0.62,44,0.64,0
0.33,41,0.5,1
0.44,55,0.44,1
0.52,21,0.38,1
0.53,43,0.32,1
0.27,58,0.41,1
0.5,40,0.59,1
0.2,54,0.28,1
0.58,36,0.53,0
0.35,26,0.36,1
0.53,68,0.61,1
0.28,64,0.66,1
0.58,55,0.51,1
0.4,71,0.42,0
0.4,62,0.61,0
0.26,49,0.49,1
0.53,58,0.39,1
0.37,46,0.38,1
0.33,42,0.47,1
0.3,35,0.4,0
0.33,52,0.46,0
0.33,42,0.64,1
0.2,35,0.53,0
0.4,58,0.72,1
0.51,38,0.62,0
0.7,50,0.52,1
0.41,69,0.71,1
0.54,59,0.48,0
0.59,62,0.42,0
0.6,69,0.44,1
0.52,37,0.47,0
0.56,50,0.42,1
0.67,91,0.42,0
0.48,67,0.56,1
0.36,78,0.29,1
0.32,38,0.9,1
0.23,40,0.44,1
0.4,20,0.58,1
0.31,77,0.63,1
0.47,71,0.61,1
0.39,47,0.62,1
0.38,54,0.36,1
0.21,35,0.58,1
0.59,69,0.56,1
0.56,41,0.65,1
0.63,71,0.62,1
0.13,31,0.43,1
0.58,74,0.48,0
0.31,38,0.38,1
0.46,48,0.62,0
0.32,23,0.5,1
0.35,57,0.54,1
0.65,54,0.59,1
0.44,62,0.28,1
0.33,51,0.44,1
0.42,55,0.57,0
0.71,60,0.5,0
0.39,48,0.55,1
0.23,44,0.3,1
0.69,34,0.62,1
0.58,22,0.56,0
0.45,45,0.47,1
0.65,63,0.38,1
0.6,48,0.6,0
0.54,38,0.61,0
0.66,68,0.53,0
0.29,43,0.36,1
0.54,47,0.44,1
0.54,18,0.71,1
0.42,55,0.72,1
0.32,37,0.53,1
0.2,46,0.37,1
0.42,49,0.5,1
0.48,64,0.43,1
0.43,69,0.52,1
0.35,43,0.71,1
0.78,56,0.49,1
0.27,26,0.57,1
0.13,56,0.39,1
0.82,47,0.63,0
0.45,56,0.46,1
0.61,66,0.6,1
0.4,38,0.47,1
0.34,34,0.28,1
0.24,43,0.53,1
0.54,64,0.68,1
0.59,61,0.41,0
0.77,64,0.56,1
0.54,47,0.43,1
0.32,48,0.26,1
0.79,45,0.62,0
0.6,62,0.33,0
0.63,56,0.48,0
0.47,39,0.47,0
0.48,67,0.51,0
0.37,56,0.39,1
0.36,60,0.77,0
0.41,60,0.29,1
0.46,39,0.59,1
0.38,59,0.39,1
0.47,57,0.55,0
0.32,60,0.28,1
0.51,41,0.46,1
0.29,50,0.48,1
0.43,63,0.37,1
0.5,36,0.39,0
0.39,51,0.47,1
0.41,33,0.49,0
0.33,38,0.59,0
0.28,69,0.66,1
0.53,62,0.52,0
0.36,64,0.47,0
0.8,45,0.46,0
0.58,82,0.33,0
0.58,37,0.35,1
0.38,46,0.34,1
0.26,62,0.43,1
0.22,36,0.46,1
0.52,47,0.6,1
0.56,32,0.4,1
0.53,40,0.52,1
0.57,51,0.42,1
0.41,48,0.58,1
0.27,26,0.47,1
0.42,52,0.41,1
0.4,55,0.56,0
0.84,58,0.68,0
0.41,37,0.33,0
0.49,77,0.6,0
0.42,51,0.39,1
0.28,43,0.74,1
0.55,40,0.48,1
0.52,32,0.48,0
0.36,69,0.57,1
0.37,81,0.44,1
0.58,64,0.39,0
0.44,44,0.38,0
0.23,45,0.58,1
0.36,56,0.6,1
0.75,36,0.7,1
0.44,56,0.47,1
0.15,46,0.54,1
0.51,56,0.6,1
0.32,47,0.74,0
0.45,69,0.77,0
0.44,23,0.5,1
0.38,57,0.51,1
0.49,65,0.41,0
0.27,78,0.39,0
0.4,61,0.57,0
0.61,62,0.43,0
0.44,75,0.55,1
0.45,49,0.43,1
0.32,64,0.37,1
0.41,69,0.63,1
0.44,40,0.46,1
0.43,74,0.64,1
0.17,66,0.41,0
0.4,32,0.62,1
0.54,50,0.46,1
0.41,36,0.46,0
0.57,47,0.55,1
0.53,41,0.38,1
0.49,62,0.35,1
0.36,41,0.29,1
0.45,56,0.41,1
0.46,32,0.63,0
0.53,50,0.43,1
0.55,49,0.59,0
0.75,8,0.5,0
0.6,69,0.54,0
0.3,54,0.53,1
0.44,67,0.36,0
0.29,64,0.48,1
0.6,47,0.35,1
0.59,81,0.44,0
0.4,72,0.63,1
0.18,53,0.4,0
0.54,54,0.29,0
0.36,62,0.46,1
0.41,54,0.72,1
0.51,62,0.57,1
0.64,73,0.44,1
0.75,60,0.76,1
0.32,51,0.45,0
0.52,48,0.21,0
0.44,59,0.77,1
0.52,13,0.36,1
0.48,57,0.5,1
0.6,27,0.65,1
0.12,47,0.47,1
0.36,69,0.24,1
0.35,69,0.56,1
0.66,49,0.63,1
0.57,50,0.36,1
0.36,72,0.55,0
0.34,32,0.41,1
0.58,55,0.54,1
0.67,66,0.74,0
0.61,38,0.38,0
0.55,49,0.54,0
0.46,19,0.46,1
0.52,58,0.6,1
0.16,48,0.44,1
0.49,67,0.5,0
0.37,52,0.48,1
0.42,39,0.54,1
0.38,36,0.39,1
0.52,62,0.46,1
0.31,63,0.45,1
0.53,70,0.62,1
0.65,67,0.5,0
0.55,69,0.52,1
0.38,53,0.54,1
0.41,66,0.52,0
0.49,68,0.34,1
0.79,52,0.63,0
0.4,28,0.66,0
0.58,66,0.27,1
0.53,53,0.67,0
0.46,43,0.8,1
0.19,51,0.52,0
0.33,68,0.5,1
0.33,50,0.54,1
0.39,55,0.54,1
0.43,64,0.4,1
0.64,57,0.68,0
0.38,58,0.59,1
0.5,67,0.44,1
0.62,51,0.53,1
0.54,67,0.62,0
0.41,64,0.48,1
0.63,48,0.48,1
0.42,38,0.42,1
0.55,57,0.65,1
0.36,51,0.38,1
0.57,46,0.6,0
0.49,44,0.36,1
0.54,54,0.29,1
0.31,19,0.48,1
0.51,72,0.65,1
0.62,55,0.46,0
0.43,35,0.54,1
0.58,85,0.57,1
0.47,72,0.5,0
0.23,45,0.59,1
0.53,71,0.62,0
0.54,57,0.49,1
0.57,32,0.55,0
0.37,48,0.42,1
0.61,48,0.43,0
0.49,44,0.72,1
0.46,39,0.51,0
0.45,51,0.68,1
0.32,60,0.45,1
0.69,15,0.59,1
0.43,34,0.58,1
0.3,43,0.57,0
0.56,59,0.46,0
0.69,62,0.74,1
0.34,62,0.63,1
0.34,28,0.46,1
0.8,50,0.41,0
0.35,37,0.59,1
0.43,50,0.32,0
0.37,48,0.56,0
0.43,42,0.42,1
0.22,54,0.53,0
0.47,70,0.6,1
0.63,66,0.57,0
0.55,50,0.47,1
0.54,45,0.51,1
0.58,65,0.39,1
0.54,82,0.38,1
0.52,65,0.44,0
0.44,60,0.48,0
0.37,36,0.39,0
0.46,59,0.37,0
0.55,43,0.58,0
0.42,67,0.48,1
0.51,44,0.46,0
0.54,43,0.44,0
0.45,82,0.57,1
0.42,45,0.44,0
0.42,45,0.31,1
0.38,36,0.54,1
0.57,80,0.46,1
0.41,69,0.48,1
0.73,20,0.61,1
0.37,60,0.54,0
0.69,53,0.52,0
0.39,35,0.43,1
0.54,48,0.6,0
0.35,58,0.49,1
0.35,46,0.49,1
0.14,90,0.56,1
0.21,51,0.54,0
0.51,56,0.46,1
0.63,55,0.43,1
0.5,64,0.65,1
0.39,61,0.61,0
0.33,38,0.58,1
0.39,71,0.55,1
0.56,53,0.54,0
0.44,50,0.71,1
0.47,50,0.63,0
0.17,27,0.32,0
0.22,48,0.44,1
0.65,85,0.57,1
0.44,63,0.48,0
0.47,51,0.61,1
0.81,49,0.41,0
0.63,60,0.41,0
0.27,54,0.42,1
0.56,52,0.48,1
0.5,53,0.68,1
0.24,58,0.56,0
0.41,56,0.71,1
0.41,59,0.54,0
0.43,49,0.7,1
0.33,37,0.55,1
0.47,28,0.52,1
0.5,37,0.58,1
0.6,51,0.69,1
0.52,50,0.46,1
0.51,64,0.73,1
0.29,50,0.44,1
0.31,50,0.51,1
0.49,61,0.61,0
0.58,55,0.92,1
0.5,50,0.78,1
0.33,42,0.53,1
0.38,35,0.5,1
0.29,63,0.37,1
0.6,61,0.62,1
0.35,56,0.51,1
0.39,53,0.6,1
0.51,48,0.53,0
0.53,49,0.56,1
0.12,59,0.59,1
0.58,59,0.65,0
0.65,33,0.52,0
0.48,55,0.65,0
0.16,28,0.37,1
0.46,64,0.4,0
0.59,68,0.59,0
0.23,39,0.49,1
0.53,49,0.44,0
0.48,60,0.31,0
0.18,47,0.47,1
0.56,65,0.76,1
0.49,55,0.87,1
0.49,40,0.3,1
0.26,50,0.66,1
0.41,84,0.32,0
0.44,58,0.61,1
0.43,62,0.6,1
0.34,46,0.47,1
0.7,64,0.6,1
0.44,32,0.33,1
0.37,26,0.49,1
0.67,59,0.54,1
0.47,75,0.33,1
0.39,53,0.49,0
0.71,55,0.76,1
0.63,65,0.31,1
0.49,50,0.49,1
0.41,49,0.38,1
0.43,56,0.65,1
0.37,47,0.62,1
0.29,42,0.23,0
0.17,42,0.21,1
0.49,40,0.43,0
0.41,35,0.7,1
0.26,53,0.49,0
0.25,38,0.46,0
0.42,61,0.44,0
0.48,66,0.52,0
0.33,70,0.7,1
0.4,41,0.51,1
0.48,68,0.67,1
0.4,82,0.43,0
0.41,83,0.55,1
0.31,46,0.67,1
0.22,67,0.66,0
0.48,52,0.19,0
0.7,67,0.95,1
0.39,61,0.56,1
0.53,71,0.67,0
0.67,73,0.6,1
0.13,49,0.62,1
0.36,67,0.57,1
0.54,57,0.49,1
0.6,84,0.46,0
0.5,53,0.58,1
0.47,58,0.49,1
0.4,55,0.62,0
0.38,53,0.24,1
0.28,59,0.41,0
0.3,40,0.56,1
0.39,52,0.61,1
0.61,59,0.54,1
0.53,54,0.59,0
0.55,61,0.54,1
0.46,44,0.29,0
0.49,60,0.68,1
0.64,66,0.53,1
0.5,59,0.51,1
0.36,57,0.3,0
0.49,42,0.6,1
0.4,85,0.29,1
0.42,58,0.56,1
0.61,26,0.25,1
0.46,65,0.5,0
0.44,58,0.45,0
0.38,35,0.44,1
0.57,33,0.49,1
0.31,29,0.27,1
0.57,56,0.75,1
0.19,57,0.62,0
0.73,46,0.57,1
0.28,28,0.36,1
0.53,48,0.54,1
0.49,63,0.43,1
0.26,37,0.54,1
0.31,72,0.56,1
0.6,65,0.77,1
0.41,35,0.72,1
0.37,42,0.52,1
0.26,54,0.37,0
0.45,63,0.29,1
0.28,55,0.49,1
0.6,84,0.53,1
0.46,37,0.49,1
0.21,40,0.54,1
0.46,36,0.64,1
0.14,57,0.44,1
0.46,56,0.3,1
0.27,49,0.54,1
0.24,52,0.42,1
0.62,66,0.53,1
0.34,48,0.22,1
0.58,65,0.51,1
0.24,33,0.51,1
0.54,34,0.66,1
0.41,38,0.47,1
0.41,29,0.46,1
0.54,35,0.27,0
0.25,47,0.52,1
0.63,17,0.58,1
0.63,34,0.37,0
0.48,62,0.55,0
0.2,37,0.13,1
0.24,66,0.53,1
0.41,51,0.51,1
0.44,48,0.46,1
0.43,57,0.65,0
0.18,27,0.43,1
0.48,46,0.55,0
0.59,59,0.47,0
0.45,62,0.84,1
0.62,42,0.62,1
0.46,54,0.46,1
0.31,46,0.81,0
0.47,70,0.68,1
0.18,15,0.41,1
0.73,49,0.69,0
0.46,39,0.47,1
0.48,62,0.68,1
0.56,56,0.47,0
0.48,60,0.3,1
0.47,55,0.3,1
0.3,60,0.38,1
0.39,62,0.39,1
0.43,66,0.47,1
0.63,42,0.4,1
0.55,41,0.6,0
0.53,69,0.55,1
0.54,44,0.73,1
0.52,75,0.39,1
0.43,15,0.52,1
0.48,46,0.68,1
0.79,42,0.58,1
0.2,70,0.56,1
0.51,61,0.45,1
0.15,49,0.51,0
0.6,47,0.67,0
0.47,60,0.45,0
0.58,68,0.44,1
0.37,75,0.29,1
0.4,54,0.48,0
0.73,81,0.62,1
0.22,58,0.6,0
0.27,48,0.69,1
0.38,35,0.34,1
0.34,50,0.44,1
0.55,66,0.28,0
0.41,53,0.4,0
0.44,37,0.76,1
0.35,24,0.36,1
0.47,56,0.46,1
0.54,73,0.56,1
0.54,85,0.38,1
0.53,54,0.54,1
0.48,49,0.51,0
0.2,70,0.65,0
0.45,50,0.38,0
0.54,47,0.37,1
0.52,51,0.65,0
0.62,42,0.48,0
0.36,54,0.54,1
0.5,67,0.41,0
0.56,43,0.43,0
0.55,41,0.62,1
0.45,35,0.39,0
0.42,47,0.52,0
0.24,70,0.45,1
0.39,32,0.47,1
0.58,39,0.59,0
0.52,80,0.69,0
0.53,59,0.48,1
0.38,37,0.61,1
0.38,19,0.45,1
0.63,29,0.6,1
0.72,37,0.67,1
0.47,86,0.42,0
0.56,49,0.35,0
0.4,42,0.84,0
0.43,53,0.5,0
0.45,50,0.42,1
0.24,58,0.54,1
0.42,36,0.26,1
0.98,59,0.53,0
0.42,68,0.5,1
0.33,43,0.62,1
0.43,30,0.39,1
0.62,50,0.55,0
0.43,60,0.7,0
0.31,47,0.52,1
0.78,68,0.54,0
0.34,50,0.42,1
0.46,74,0.34,0
0.28,29,0.55,1
0.43,40,0.52,0
0.44,54,0.39,0
0.49,52,0.48,1
0.32,38,0.77,0
0.31,48,0.52,1
0.46,72,0.5,0
0.32,52,0.34,1
0.44,81,0.46,1
0.45,37,0.46,1
0.42,25,0.55,1
0.58,48,0.45,0
0.35,46,0.58,1
0.35,58,0.42,1
0.47,41,0.55,1
0.44,54,0.48,1
0.49,76,0.5,1
0.6,63,0.64,1
0.65,50,0.37,0
0.81,34,0.57,1
0.17,62,0.26,0
0.68,54,0.68,1
0.63,60,0.55,1
0.61,59,0.58,1
0.33,37,0.25,1
0.54,50,0.66,1
0.5,40,0.67,1
0.54,25,0.45,0
0.26,36,0.61,1
0.56,67,0.47,0
0.48,61,0.58,1
0.38,50,0.4,1
0.68,51,0.57,1
0.46,54,0.17,1
0.43,45,0.48,0
0.46,38,0.85,1
0.3,38,0.51,1
0.48,42,0.38,0
0.43,42,0.12,0
0.48,60,0.71,1
0.45,43,0.61,0
0.49,66,0.66,1
0.37,34,0.49,1
0.47,52,0.65,1
0.46,86,0.37,1
0.43,34,0.32,1
0.1,56,0.68,1
0.5,69,0.43,0
0.35,30,0.46,1
0.54,52,0.69,0
0.28,44,0.6,0
0.77,69,0.74,1
0.53,35,0.2,1
0.24,76,0.54,1
0.52,40,0.39,1
0.61,69,0.45,1
0.41,27,0.47,0
0.54,22,0.27,1
0.44,70,0.5,1
0.38,35,0.61,1
0.51,60,0.56,1
0.45,77,0.64,0
0.26,44,0.43,1
0.47,90,0.45,0
0.43,62,0.65,0
0.64,45,0.37,0
0.49,64,0.7,0
0.57,26,0.56,1
0.49,58,0.46,1
0.29,44,0.37,0
0.45,54,0.64,1
0.53,38,0.54,1
0.56,26,0.47,0
0.56,53,0.4,0
0.36,31,0.52,0
0.22,58,0.5,1
0.43,82,0.31,1
0.48,59,0.47,1
0.33,70,0.51,1
0.46,46,0.55,1
0.47,67,0.68,1
0.45,51,0.51,1
0.42,61,0.65,1
0.61,56,0.65,1
0.54,71,0.62,1
0.6,15,0.46,1
0.42,51,0.47,1
0.15,52,0.58,1
0.37,58,0.45,1
0.56,61,0.42,0
0.45,42,0.54,0
0.39,19,0.42,1
0.47,70,0.43,0
0.42,64,0.43,1
0.32,49,0.58,1
0.56,47,0.63,0
0.39,30,0.41,1
0.52,82,0.5,1
0.42,86,0.6,1
0.24,32,0.24,1
0.46,62,0.55,1
0.43,61,0.53,1
0.47,56,0.43,1
0.6,58,0.25,0
0.25,52,0.84,1
0.38,56,0.58,1
0.38,57,0.54,1
0.41,54,0.48,1
0.41,46,0.62,0
0.59,60,0.7,0
0.39,70,0.36,1
0.4,57,0.4,1
0.33,53,0.38,1
0.44,37,0.46,1
0.64,60,0.65,1
0.38,42,0.3,1
0.57,60,0.31,0
0.1,56,0.44,0
0.38,50,0.47,1
0.32,42,0.59,0
0.64,63,0.62,1
0.35,48,0.46,1
0.38,44,0.37,0
0.33,47,0.38,1
0.44,78,0.4,1
0.34,56,0.41,1
0.42,45,0.67,1
0.16,43,0.45,1
0.06,67,0.35,1
0.44,37,0.59,1
0.35,50,0.47,1
0.66,57,0.49,1
0.48,23,0.58,1
0.24,42,0.5,1
0.36,65,0.66,1
0.58,41,0.3,1
0.44,25,0.44,1
0.36,46,0.7,1
0.24,53,0.48,0
0.68,59,0.54,0
0.4,59,0.41,1
0.65,34,0.69,0
0.4,64,0.64,0
0.47,48,0.38,1
0.2,52,0.6,1
0.41,47,0.58,0
0.45,52,0.53,1
0.34,43,0.44,0
0.41,33,0.55,1
0.41,73,0.76,1
0.54,53,0.42,1
0.45,49,0.44,0
0.48,41,0.52,1
0.75,58,0.32,1
0.34,58,0.71,1
0.5,66,0.32,1
0.51,35,0.48,0
0.42,59,0.54,0
0.39,56,0.32,1
0.54,62,0.37,1
0.52,30,0.39,1
0.12,28,0.27,1
0.46,69,0.41,0
0.25,33,0.19,1
0.42,51,0.71,1
0.27,61,0.59,1
0.7,27,0.51,0
0.63,49,0.62,1
0.64,34,0.49,1
0.74,86,0.53,1
0.18,54,0.37,1
0.25,29,0.31,1
0.5,72,0.27,0
0.49,52,0.51,0
0.76,51,0.54,1
0.32,11,0.54,1
0.71,62,0.35,0
0.33,33,0.62,1
0.58,64,0.51,1
0.44,63,0.65,1
0.49,32,0.6,0
0.48,57,0.34,0
0.39,48,0.35,1
0.45,64,0.47,0
0.69,45,0.33,1
0.36,24,0.57,1
0.2,27,0.3,1
0.59,64,0.71,1
0.35,49,0.34,0
0.28,32,0.19,1
0.38,55,0.57,1
0.57,59,0.67,1
0.53,52,0.54,1
0.46,65,0.48,1
0.47,54,0.82,1
0.42,52,0.36,1
0.5,51,0.46,1
0.49,52,0.49,0
0.24,49,0.59,1
0.36,59,0.63,0
0.55,49,0.45,1
0.41,62,0.63,1
0.91,54,0.56,0
0.53,53,0.36,1
0.44,47,0.42,1
0.39,58,0.68,1
0.27,54,0.59,0
0.51,73,0.42,0
0.61,30,0.43,0
0.25,54,0.57,1
0.28,60,0.25,0
0.43,74,0.38,0
0.27,21,0.43,1
0.49,62,0.55,1
0.16,32,0.76,1
0.55,55,0.51,1
0.68,53,0.42,1
0.61,62,0.55,0
0.51,35,0.55,0
0.59,55,0.62,1
0.69,26,0.57,0
0.24,45,0.4,1
0.57,70,0.57,0
0.48,54,0.88,1
0.64,39,0.62,1
0.38,44,0.47,1
0.45,65,0.48,1
0.29,61,0.39,1
0.28,66,0.43,1
0.53,61,0.51,1
0.42,44,0.46,1
0.38,39,0.44,1
0.3,49,0.4,1
0.71,36,0.54,0
0.29,46,0.37,1
0.7,44,0.48,1
0.71,85,0.55,0
0.36,46,0.52,1
0.52,60,0.56,0
0.5,70,0.68,0
0.63,55,0.58,0
0.45,43,0.58,0
0.71,60,0.62,0
0.56,52,0.43,0
0.29,41,0.63,0
0.42,54,0.39,1
0.57,42,0.43,1
0.3,36,0.46,1
0.32,36,0.57,1
0.53,82,0.63,1
0.35,28,0.65,1
0.52,71,0.44,1
0.51,11,0.39,1
0.46,58,0.55,1
0.45,32,0.64,0
0.59,78,0.33,0
0.38,61,0.32,1
0.56,18,0.56,1
0.64,80,0.49,0
0.38,51,0.42,1
0.59,63,0.05,0
0.59,67,0.58,1
0.24,28,0.55,1
0.56,50,0.69,1
0.41,44,0.55,1
0.26,56,0.59,1
0.69,54,0.67,0
0.2,66,0.41,0
0.33,54,0.54,1
0.32,66,0.53,1
0.81,73,0.46,0
0.35,3,0.68,1
0.45,75,0.46,1
0.32,46,0.6,1
0.31,41,0.6,0
0.59,51,0.61,1
0.28,31,0.44,1
0.56,51,0.55,0
0.4,34,0.42,1
0.37,51,0.39,1
0.49,22,0.34,1
0.63,66,0.61,0
0.68,51,0.42,0
0.72,53,0.39,0
0.48,62,0.29,0
0.45,64,0.7,0
0.35,29,0.37,1
0.56,57,0.5,0
0.6,60,0.47,1
0.36,37,0.31,1
0.36,33,0.35,1
0.27,56,0.37,1
0.4,69,0.51,1
0.51,50,0.56,1
0.51,46,0.48,1
0.59,47,0.59,1
0.25,38,0.53,0
0.22,57,0.56,1
0.45,35,0.32,1
0.26,55,0.73,1
0.52,57,0.56,1
0.27,8,0.5,1
0.57,53,0.43,1
0.59,64,0.35,1
0.58,56,0.39,1
0.35,37,0.56,0
0.5,38,0.47,1
0.39,25,0.63,1
0.4,69,0.52,0
0.34,41,0.32,1
0.65,41,0.44,1
0.59,39,0.49,0
0.49,60,0.42,0
0.39,49,0.66,1
0.82,74,0.55,0
0.52,53,0.57,1
0.43,51,0.74,1
0.44,53,0.52,1
0.37,66,0.43,1
0.63,65,0.6,1
0.58,65,0.63,0
0.33,43,0.39,1
0.25,49,0.52,1
0.56,57,0.49,1
0.32,26,0.29,1
0.31,46,0.52,1
0.65,28,0.5,1
0.27,76,0.44,0
0.41,66,0.59,1
0.38,45,0.42,0
0.59,38,0.44,1
0.34,31,0.52,1
0.26,24,0.17,1
0.68,68,0.45,0
0.27,40,0.62,1
0.47,62,0.52,1
0.7,54,0.38,0
0.51,53,0.86,1
0.37,95,0.35,1
0.46,67,0.38,1
0.4,55,0.78,1
0.29,34,0.37,1
0.51,85,0.51,0
0.38,58,0.67,0
0.3,48,0.52,1
0.51,33,0.47,1
0.54,33,0.57,1
0.66,58,0.61,1
0.36,56,0.61,1
0.43,49,0.41,1
0.19,34,0.64,1
0.43,55,0.46,1
0.16,39,0.26,1
0.55,39,0.94,1
0.41,57,0.52,1
0.44,51,0.39,1
0.44,45,0.23,1
0.41,41,0.68,1
0.46,38,0.67,0
0.62,43,0.27,1
0.56,22,0.36,1
0.45,53,0.45,1
0.52,55,0.49,0
0.51,58,0.53,0
0.55,66,0.51,1
0.34,77,0.35,0
0.56,78,0.53,1
0.32,64,0.58,0
0.47,55,0.43,1
0.25,39,0.51,0
0.5,28,0.55,0
0.5,36,0.8,1
0.24,43,0.26,1
0.5,54,0.58,1
0.29,29,0.51,0
0.54,58,0.5,1
0.47,51,0.51,0
0.4,59,0.46,1
0.44,60,0.47,1
0.37,46,0.76,1
0.54,43,0.58,1
0.27,54,0.47,1
0.66,63,0.44,0
0.5,64,0.4,0
0.48,45,0.46,1
0.69,69,0.56,0
0.48,69,0.48,1
0.61,47,0.73,1
0.36,48,0.57,1
0.43,35,0.35,0
0.61,60,0.64,1
0.33,43,0.59,1
0.37,47,0.51,1
0.47,41,0.51,1
0.44,36,0.57,1
0.21,60,0.21,1
0.59,63,0.84,1
0.45,53,0.6,1
0.6,60,0.48,0
0.54,42,0.35,0
0.52,20,0.47,1
0.34,39,0.58,1
0.41,28,0.37,1
0.1,62,0.64,1
0.43,33,0.5,0
0.57,68,0.44,0
0.49,48,0.64,0
0.4,40,0.32,1
0.45,71,0.36,0
0.29,61,0.43,1
0.56,59,0.86,1
0.32,50,0.48,1
0.72,63,0.43,1
0.39,37,0.33,0
0.44,35,0.36,1
0.37,68,0.46,1
0.59,76,0.43,0
0.66,58,0.6,0
0.43,72,0.37,1
0.44,37,0.53,1
0.56,48,0.62,1
0.68,46,0.52,0
0.52,46,0.58,1
0.29,62,0.62,0
0.27,42,0.5,0
0.66,69,0.52,0
0.3,75,0.36,1
0.43,52,0.71,0
0.52,66,0.47,0
0.47,8,0.49,0
0.7,48,0.54,1
0.38,68,0.46,1
0.54,57,0.51,1
0.51,55,0.35,0
0.16,59,0.47,0
0.48,42,0.55,1
0.54,31,0.33,1
0.48,90,0.38,0
0.39,42,0.51,0
0.59,44,0.32,1
0.22,61,0.53,1
0.4,60,0.52,0
0.58,75,0.53,0
0.35,46,0.55,0
0.53,73,0.79,0
0.4,54,0.48,1
0.41,59,0.26,1
0.57,24,0.48,1
0.38,67,0.49,0
0.6,50,0.65,1
0.46,81,0.36,1
0.38,58,0.58,1
0.1,42,0.4,1
0.57,49,0.58,1
0.41,68,0.19,0
0.23,28,0.53,1
0.53,61,0.44,0
0.52,64,0.47,1
0.49,61,0.47,0
0.33,39,0.46,1
0.49,66,0.63,1
0.33,15,0.6,1
0.59,56,0.62,1
0.49,47,0.39,1
0.47,53,0.51,1
0.61,69,0.48,1
0.46,63,0.64,1
0.33,56,0.3,1
0.4,65,0.65,1
0.28,46,0.64,1
0.6,67,0.7,0
0.58,56,0.47,0
0.76,25,0.34,1
0.35,27,0.63,1
0.62,66,0.49,0
0.15,70,0.52,1
0.61,46,0.63,0
0.47,62,0.65,0
0.51,30,0.4,1
0.21,45,0.47,1
0.77,35,0.58,0
0.26,50,0.48,0
0.39,57,0.48,1
0.58,47,0.56,0
0.54,54,0.58,0
0.45,37,0.54,1
0.62,37,0.51,0
0.42,48,0.61,1
0.3,48,0.3,1
0.69,60,0.55,1
0.34,40,0.26,1
0.35,49,0.59,1
0.42,63,0.48,1
0.31,49,0.66,0
0.51,81,0.58,1
0.29,43,0.33,1
0.51,66,0.47,1
0.49,44,0.49,0
0.36,59,0.71,1
0.23,41,0.62,0
0.5,30,0.48,1
0.43,72,0.47,0
0.48,30,0.39,0
0.58,61,0.41,0
0.67,86,0.39,0
0.62,23,0.56,1
0.43,53,0.31,0
0.61,60,0.27,1
0.41,52,0.69,1
0.43,24,0.7,1
0.1,53,0.31,1
0.83,48,0.75,1
0.36,69,0.32,1
0.49,27,0.86,1
0.69,44,0.42,1
0.2,27,0.44,0
0.37,33,0.62,1
0.38,54,0.51,1
0.64,47,0.43,0
0.66,62,0.44,0
0.33,56,0.33,1
0.32,46,0.63,1
0.33,56,0.54,1
0.21,57,0.53,0
0.5,49,0.45,1
0.45,51,0.6,1
0.63,82,0.64,1
0.51,65,0.54,0
0.23,55,0.5,0
0.25,67,0.66,0
0.57,60,0.54,1
0.53,39,0.45,0
0.57,68,0.32,1
0.59,77,0.61,1
0.36,68,0.88,1
0.24,42,0.48,0
0.37,69,0.4,1
0.42,60,0.62,1
0.51,56,0.51,0
0.5,71,0.23,0
0.5,55,0.64,1
0.53,61,0.66,1
0.4,39,0.48,0
0.51,48,0.38,1
0.36,45,0.54,1
0.61,61,0.53,1
0.58,37,0.59,1
0.43,84,0.43,0
0.73,39,0.57,0
0.52,48,0.68,1
0.52,69,0.66,0
0.4,44,0.54,1
0.51,47,0.35,1
0.74,59,0.3,1
0.47,57,0.61,1
0.29,67,0.7,1
0.48,50,0.81,1
0.56,49,0.66,1
0.48,68,0.33,1
0.39,67,0.51,1
0.4,64,0.34,1
0.54,46,0.55,1
0.37,67,0.51,0
0.58,67,0.46,0
0.22,30,0.41,1
0.51,38,0.33,1
0.47,45,0.48,0
0.33,47,0.55,0
0.31,45,0.63,1
0.43,33,0.72,1
0.34,65,0.65,0
0.63,52,0.57,0
0.57,32,0.45,1
0.6,67,0.47,0
0.68,67,0.71,1
0.5,58,0.59,1
0.47,49,0.42,1
0.53,36,0.42,1
0.22,46,0.33,1
0.54,80,0.37,0
0.23,53,0.51,1
0.58,46,0.6,1
0.66,69,0.26,0
0.45,35,0.35,0
0.53,50,0.57,1
0.49,54,0.42,0
0.29,35,0.52,0
0.3,63,0.59,1
0.51,39,0.49,0
0.42,60,0.49,1
0.32,44,0.58,1
0.39,51,0.37,1
0.36,34,0.4,1
0.39,45,0.62,1
0.37,72,0.78,1
0.25,45,0.65,1
0.68,43,0.48,0
0.49,58,0.3,0
0.29,60,0.46,0
0.39,12,0.41,1
0.44,43,0.51,0
0.53,74,0.43,0
0.43,53,0.54,1
0.57,63,0.58,0
0.3,59,0.37,0
0.68,50,0.42,1
0.52,46,0.58,1
0.38,65,0.66,1
0.55,45,0.58,1
0.43,49,0.36,1
0.49,35,0.58,0
0.11,29,0.55,1
0.24,37,0.42,1
0.5,48,0.76,1
0.52,78,0.54,1
0.68,43,0.5,1
0.5,75,0.54,0
0.53,48,0.44,0
0.32,63,0.47,0
0.44,73,0.3,1
0.57,69,0.58,1
0.53,79,0.46,0
0.38,30,0.37,1
0.57,57,0.68,1
0.7,58,0.43,1
0.4,37,0.64,1
0.41,52,0.37,1
0.36,66,0.57,1
0.52,67,0.49,1
0.39,58,0.67,1
0.43,70,0.4,1
0.47,58,0.65,1
0.24,24,0.58,1
0.35,35,0.74,1
0.39,73,0.3,1
0.63,46,0.67,0
0.43,67,0.48,0
0.55,70,0.57,1
0.35,41,0.43,0
0.39,68,0.43,0
0.36,47,0.48,1
0.3,39,0.35,1
0.51,36,0.51,1
0.27,59,0.49,1
0.39,53,0.4,1
0.69,72,0.5,0
0.35,47,0.55,1
0.47,38,0.61,1
0.39,70,0.84,1
0.24,50,0.57,1
0.43,68,0.56,0
0.77,52,0.59,1
0.44,45,0.53,0
0.4,29,0.54,1
0.49,70,0.37,0
0.44,51,0.49,1
0.45,35,0.62,1
0.29,54,0.64,1
0.56,49,0.57,1
0.42,83,0.32,1
0.3,36,0.53,1
0.42,56,0.38,1
0.36,46,0.48,1
0.41,50,0.5,1
0.36,50,0.49,0
0.2,36,0.61,0
0.58,58,0.37,0
0.27,48,0.67,1
0.31,34,0.48,1
0.3,48,0.4,0
0.55,72,0.48,1
0.48,62,0.39,1
0.47,45,0.42,1
0.56,50,0.4,1
0.53,69,0.35,0
0.55,59,0.59,1
0.6,24,0.52,1
0.47,88,0.36,1
0.22,63,0.66,1
0.45,61,0.4,1
0.41,49,0.52,1
0.54,28,0.47,1
0.46,52,0.51,1
0.39,59,0.42,1
0.53,69,0.43,1
0.34,31,0.39,1
0.44,48,0.44,1
0.59,60,0.44,1
0.37,59,0.39,1
0.46,62,0.8,1
0.53,62,0.53,1
0.47,58,0.47,1
0.33,55,0.52,1
0.39,47,0.42,1
0.58,64,0.52,0
0.64,0,0.47,0
0.44,69,0.59,1
0.21,42,0.41,1
0.46,67,0.28,1
0.55,53,0.58,0
0.65,16,0.41,1
0.2,61,0.54,0
0.21,68,0.56,1
0.4,37,0.63,1
0.88,55,0.55,1
0.5,62,0.57,0
0.46,44,0.54,1
0.44,59,0.43,1
0.51,51,0.77,1
0.54,52,0.49,1
0.66,59,0.55,0
0.45,68,0.63,1
0.38,69,0.5,1
0.62,52,0.53,0
0.37,36,0.49,1
0.41,61,0.68,1
0.54,52,0.64,0
0.34,43,0.33,1
0.56,61,0.41,0
0.38,74,0.56,1
0.4,51,0.59,1
0.56,81,0.71,1
0.47,41,0.56,1
0.34,49,0.59,0
0.4,61,0.79,0
0.49,38,0.39,0
0.15,30,0.67,0
0.4,45,0.46,1
0.35,57,0.45,1
0.3,44,0.39,1
0.38,45,0.42,1
0.64,44,0.59,0
0.37,74,0.53,1
0.13,55,0.6,1
0.58,40,0.39,0
0.44,43,0.58,1
0.47,61,0.42,1
0.16,39,0.65,1
0.34,62,0.46,1
0.23,34,0.31,1
0.66,64,0.5,0
0.48,58,0.76,1
0.45,56,0.43,1
0.72,58,0.7,1
0.51,62,0.4,0
0.46,41,0.71,1
0.41,63,0.6,0
0.29,53,0.36,0
0.15,28,0.43,1
0.48,45,0.39,1
0.69,62,0.43,0
0.55,59,0.49,0
0.69,43,0.8,1
0.36,36,0.5,1
0.43,58,0.44,1
0.51,41,0.51,1
0.37,48,0.57,0
0.29,48,0.64,0
0.52,63,0.51,1
0.38,39,0.35,1
0.72,35,0.41,0
0.46,70,0.42,1
0.56,59,0.44,0
0.27,50,0.41,1
0.34,44,0.77,1
0.46,35,0.55,1
0.44,71,0.65,1
0.47,45,0.56,0
0.41,41,0.48,1
0.47,61,0.39,0
0.38,62,0.6,1
0.48,57,0.35,0
0.24,41,0.5,0
0.16,33,0.53,1
0.57,49,0.42,0
0.56,40,0.36,0
0.48,62,0.56,0
0.51,66,0.57,1
0.45,38,0.53,1
0.35,15,0.53,1
0.59,70,0.34,1
0.18,53,0.64,1
0.16,41,0.63,1
0.28,19,0.39,1
0.54,42,0.6,1
0.3,39,0.36,1
0.59,40,0.69,0
0.67,63,0.57,1
0.56,76,0.45,1
0.55,37,0.26,1
0.44,49,0.36,1
0.27,35,0.42,0
0.4,47,0.62,0
0.15,53,0.57,1
0.35,41,0.43,1
0.4,47,0.37,0
0.47,63,0.55,1
0.17,45,0.61,0
0.51,31,0.44,1
0.32,63,0.53,1
0.14,33,0.47,1
0.45,48,0.59,1
0.56,45,0.68,1
0.58,57,0.38,1
0.78,49,0.58,1
0.11,57,0.7,1
0.59,60,0.48,0
0.59,58,0.58,1
0.38,49,0.61,1
0.47,47,0.44,0
0.26,67,0.8,0
0.61,60,0.71,1
0.42,60,0.74,1
0.66,38,0.48,0
0.42,45,0.72,0
0.41,45,0.62,1
0.44,56,0.44,1
0.47,65,0.67,1
0.4,66,0.63,1
0.28,48,0.6,0
0.53,67,0.6,1
0.21,32,0.44,1
0.64,71,0.48,1
0.44,55,0.62,1
0.34,36,0.48,1
0.45,53,0.64,0
0.49,48,0.51,1
0.4,57,0.41,1
0.55,50,0.54,0
0.55,35,0.73,1
0.33,44,0.5,0
0.46,67,0.39,1
0.27,53,0.51,1
0.43,58,0.32,1
0.61,25,0.6,0
0.39,61,0.52,0
0.5,28,0.38,1
0.5,28,0.55,1
0.47,50,0.45,1
0.6,63,0.47,1
0.11,64,0.56,1
0.51,24,0.61,1
0.37,21,0.51,1
0.42,36,0.55,1
0.67,79,0.72,0
0.46,37,0.37,1
0.18,80,0.12,1
0.59,63,0.46,0
0.63,65,0.32,0
0.24,54,0.62,0
0.41,74,0.54,1
0.45,46,0.61,1
0.28,45,0.39,1
0.6,21,0.43,1
0.37,43,0.6,1
0.48,47,0.58,0
0.47,54,0.33,0
0.31,30,0.4,1
0.28,56,0.22,1
0.34,38,0.41,1
0.59,53,0.94,1
0.39,36,0.57,1
0.18,37,0.57,1
0.68,57,0.63,0
0.5,55,0.59,1
0.5,37,0.53,0
0.46,42,0.54,1
0.42,66,0.2,0
0.41,49,0.52,1
0.37,42,0.47,1
0.41,59,0.56,1
0.45,47,0.45,1
0.57,60,0.51,1
0.41,58,0.51,1
0.37,31,0.38,1
0.67,62,0.41,0
